ID,File_name,Report_ID,Site,Prefecture,Feature,type,rim_diamiter,hight,調整_内面,調整_外面,Reference,Target
1,ISa001,1,七尾城跡シッケ地区,Ishikawa,SX09,石Bh,6.6,1.7,不明,不明,七尾市教育委員会文化課 1992,FALSE
2,ISa002,2,七尾城跡シッケ地区,Ishikawa,SX09,石Bh,7.8,1.6,不明,不明,七尾市教育委員会文化課 1992,FALSE
3,ISa003,3,七尾城跡シッケ地区,Ishikawa,SX09,石Bh,7.8,1.5,不明,不明,七尾市教育委員会文化課 1992,FALSE
4,ISa004,4,七尾城跡シッケ地区,Ishikawa,SX09,石A,7.9,2.6,不明,不明,七尾市教育委員会文化課 1992,FALSE
5,ISa005,5,七尾城跡シッケ地区,Ishikawa,SX09,石B,7.5,1.9,不明,不明,七尾市教育委員会文化課 1992,TRUE
6,ISa006,6,七尾城跡シッケ地区,Ishikawa,SX09,石B,9.0,2.1,不明,不明,七尾市教育委員会文化課 1992,TRUE
7,ISa007,7,七尾城跡シッケ地区,Ishikawa,SX09,石B,9.5,1.8,不明,不明,七尾市教育委員会文化課 1992,TRUE
8,ISa008,8,七尾城跡シッケ地区,Ishikawa,SX09,石B,9.2,1.6,不明,不明,七尾市教育委員会文化課 1992,TRUE
9,ISa009,9,七尾城跡シッケ地区,Ishikawa,SX09,石B,8.0,1.7,不明,不明,七尾市教育委員会文化課 1992,TRUE
10,ISa010,10,七尾城跡シッケ地区,Ishikawa,SX09,石B,9.1,1.7,不明,不明,七尾市教育委員会文化課 1992,TRUE
11,ISa011,11,七尾城跡シッケ地区,Ishikawa,SX09,石B,8.7,2.1,不明,不明,七尾市教育委員会文化課 1992,TRUE
12,ISa012,12,七尾城跡シッケ地区,Ishikawa,SX09,石B,9.1,1.9,不明,不明,七尾市教育委員会文化課 1992,TRUE
13,ISa013,13,七尾城跡シッケ地区,Ishikawa,SX09,石B,9.1,1.9,不明,不明,七尾市教育委員会文化課 1992,TRUE
14,ISa014,14,七尾城跡シッケ地区,Ishikawa,SX09,石B,11.4,2.3,不明,不明,七尾市教育委員会文化課 1992,TRUE
15,ISa015,15,七尾城跡シッケ地区,Ishikawa,SX09,石B,11.3,2.4,不明,不明,七尾市教育委員会文化課 1992,TRUE
16,ISa016,16,七尾城跡シッケ地区,Ishikawa,SX09,石B,11.7,2.1,不明,不明,七尾市教育委員会文化課 1992,TRUE
17,ISa017,17,七尾城跡シッケ地区,Ishikawa,SX09,石B,11.5,2.2,不明,不明,七尾市教育委員会文化課 1992,TRUE
18,ISa018,18,七尾城跡シッケ地区,Ishikawa,SX09,石B,11.9,2.1,不明,不明,七尾市教育委員会文化課 1992,TRUE
19,ISa019,19,七尾城跡シッケ地区,Ishikawa,SX09,石B,11.7,1.9,不明,不明,七尾市教育委員会文化課 1992,TRUE
20,ISa020,20,七尾城跡シッケ地区,Ishikawa,SX09,石B,11.8,2.1,不明,不明,七尾市教育委員会文化課 1992,TRUE
21,ISa021,21,七尾城跡シッケ地区,Ishikawa,SX09,石B,12.1,2.3,不明,不明,七尾市教育委員会文化課 1992,TRUE
22,ISa022,22,七尾城跡シッケ地区,Ishikawa,SX09,石B,13.6,2.2,不明,不明,七尾市教育委員会文化課 1992,TRUE
23,ISa023,23,七尾城跡シッケ地区,Ishikawa,SX09,石B,13.9,2.3,不明,不明,七尾市教育委員会文化課 1992,TRUE
24,ISa024,24,七尾城跡シッケ地区,Ishikawa,SX09,石B,13.9,2.2,不明,不明,七尾市教育委員会文化課 1992,TRUE
25,ISa025,25,七尾城跡シッケ地区,Ishikawa,SX09,石B,14.9,2.2,不明,不明,七尾市教育委員会文化課 1992,TRUE
26,ISa026,26,七尾城跡シッケ地区,Ishikawa,SX09,石B,13.7,2.3,不明,不明,七尾市教育委員会文化課 1992,TRUE
27,ISa027,27,七尾城跡シッケ地区,Ishikawa,SX09,石B,14.4,2.3,不明,不明,七尾市教育委員会文化課 1992,TRUE
28,ISb0650,650,小島西遺跡,Ishikawa,B_SK25,石B,9.1,1.9,不明,不明,石川県教育委員会他2008,TRUE
29,ISb0651,651,小島西遺跡,Ishikawa,B_SK25,石B,12.5,2.1,不明,不明,石川県教育委員会他2008,TRUE
30,ISb0652,652,小島西遺跡,Ishikawa,B_SK25,石B,9.1,2.1,不明,不明,石川県教育委員会他2008,TRUE
31,ISb0653,653,小島西遺跡,Ishikawa,B_SK25,石B,12.3,2.5,不明,不明,石川県教育委員会他2008,TRUE
32,ISb0654,654,小島西遺跡,Ishikawa,B_SK25,石B,14.2,2.4,不明,不明,石川県教育委員会他2008,TRUE
33,ISb0655,655,小島西遺跡,Ishikawa,B_SK25,石B,9.0,1.8,不明,不明,石川県教育委員会他2008,TRUE
34,ISb0656,656,小島西遺跡,Ishikawa,B_SK25,石B,9.3,2.0,不明,不明,石川県教育委員会他2008,TRUE
35,ISb0657,657,小島西遺跡,Ishikawa,B_SK25,石B,9.1,1.7,不明,不明,石川県教育委員会他2008,TRUE
36,ISb0658,658,小島西遺跡,Ishikawa,B_SK25,石B,11.9,2.5,不明,不明,石川県教育委員会他2008,TRUE
37,ISb0659,659,小島西遺跡,Ishikawa,B_SK25,石B,10.9,2.3,不明,不明,石川県教育委員会他2008,TRUE
38,ISb0660,660,小島西遺跡,Ishikawa,B_SK25,石Bh,8.0,1.9,不明,不明,石川県教育委員会他2008,FALSE
39,ISb0661,661,小島西遺跡,Ishikawa,B_SK25,石B,11.2,2.4,不明,不明,石川県教育委員会他2008,TRUE
40,ISb0662,662,小島西遺跡,Ishikawa,B_SK25,石B,14.2,2.2,不明,不明,石川県教育委員会他2008,TRUE
41,ISb0663,663,小島西遺跡,Ishikawa,B_SK25,石B,12.0,1.9,不明,不明,石川県教育委員会他2008,TRUE
42,ISb0664,664,小島西遺跡,Ishikawa,B_SK25,石Bh,8.0,2.2,不明,不明,石川県教育委員会他2008,FALSE
43,ISb0665,665,小島西遺跡,Ishikawa,B_SK25,石B,,,不明,不明,石川県教育委員会他2008,FALSE
44,ISb0666,666,小島西遺跡,Ishikawa,B_SK25,石A,9.1,2.0,不明,不明,石川県教育委員会他2008,FALSE
45,ISb0667,667,小島西遺跡,Ishikawa,B_SK25,石B,,,不明,不明,石川県教育委員会他2008,FALSE
46,ISb0668,668,小島西遺跡,Ishikawa,B_SK25,石B,8.5,1.8,不明,不明,石川県教育委員会他2008,TRUE
47,ISb0669,669,小島西遺跡,Ishikawa,B_SK25,石B,9.5,2.7,不明,不明,石川県教育委員会他2008,TRUE
48,ISb0670,670,小島西遺跡,Ishikawa,B_SK25,石B,9.4,2.0,不明,不明,石川県教育委員会他2008,TRUE
49,ISb0671,671,小島西遺跡,Ishikawa,B_SK25,石B,13.8,2.7,不明,不明,石川県教育委員会他2008,TRUE
50,ISb0672,672,小島西遺跡,Ishikawa,B_SK25,石A,8.5,2.1,不明,不明,石川県教育委員会他2008,FALSE
51,ISb0673,673,小島西遺跡,Ishikawa,B_SK25,石B,14.5,2.2,不明,不明,石川県教育委員会他2008,TRUE
52,ISb0674,674,小島西遺跡,Ishikawa,B_SK25,石B,12.2,2.0,不明,不明,石川県教育委員会他2008,TRUE
53,ISb0677,677,小島西遺跡,Ishikawa,B_SK25,石B,13.7,2.0,不明,不明,石川県教育委員会他2008,TRUE
54,ISb0678,678,小島西遺跡,Ishikawa,B_SK25,石B,12.2,2.1,不明,不明,石川県教育委員会他2008,TRUE
55,ISb0679,679,小島西遺跡,Ishikawa,B_SK25,石B,14.6,2.6,不明,不明,石川県教育委員会他2008,TRUE
56,ISb0680,680,小島西遺跡,Ishikawa,B_SK25,石B,11.4,2.4,不明,不明,石川県教育委員会他2008,TRUE
57,ISb0681,681,小島西遺跡,Ishikawa,B_SK25,石A,9.4,2.0,不明,不明,石川県教育委員会他2008,FALSE
58,ISb0682,682,小島西遺跡,Ishikawa,B_SK25,石A,9.0,2.0,不明,不明,石川県教育委員会他2008,FALSE
59,ISb0683,683,小島西遺跡,Ishikawa,B_SK25,石B,8.3,2.0,不明,不明,石川県教育委員会他2008,TRUE
60,ISb0684,684,小島西遺跡,Ishikawa,B_SK25,石Bh,7.4,1.9,不明,不明,石川県教育委員会他2008,FALSE
61,ISb0685,685,小島西遺跡,Ishikawa,B_SK25,石A,8.8,,不明,不明,石川県教育委員会他2008,FALSE
62,ISb0686,686,小島西遺跡,Ishikawa,B_SK25,石B,8.9,2.0,不明,不明,石川県教育委員会他2008,TRUE
63,ISb0687,687,小島西遺跡,Ishikawa,B_SK25,石A,9.4,2.1,不明,不明,石川県教育委員会他2008,FALSE
64,ISb0688,688,小島西遺跡,Ishikawa,B_SK25,石Bh,7.8,2.2,不明,不明,石川県教育委員会他2008,FALSE
65,ISb0689,689,小島西遺跡,Ishikawa,B_SK25,石B,8.9,2.1,不明,不明,石川県教育委員会他2008,TRUE
66,ISb0690,690,小島西遺跡,Ishikawa,B_SK25,石B,9.7,2.1,不明,不明,石川県教育委員会他2008,TRUE
67,ISb0691,691,小島西遺跡,Ishikawa,B_SK25,石B,11.5,,不明,不明,石川県教育委員会他2008,FALSE
68,ISb0692,692,小島西遺跡,Ishikawa,B_SK25,石B,7.9,1.8,不明,不明,石川県教育委員会他2008,TRUE
69,ISb1071,1071,小島西遺跡,Ishikawa,G_SK373,石B,11.9,2.4,不明,不明,石川県教育委員会他2008,TRUE
70,ISb1072,1072,小島西遺跡,Ishikawa,G_SK373,石B,11.9,2.2,不明,不明,石川県教育委員会他2008,TRUE
71,ISb1073,1073,小島西遺跡,Ishikawa,G_SK373,石B,14.2,2.2,不明,不明,石川県教育委員会他2008,TRUE
72,ISb1074,1074,小島西遺跡,Ishikawa,G_SK373,石B,9.2,2.0,不明,不明,石川県教育委員会他2008,TRUE
73,ISb1075,1075,小島西遺跡,Ishikawa,G_SK373,石B,8.4,1.8,不明,不明,石川県教育委員会他2008,TRUE
74,ISb1077,1077,小島西遺跡,Ishikawa,G_SK373,石B,16.0,2.7,不明,不明,石川県教育委員会他2008,TRUE
75,ISb1078,1078,小島西遺跡,Ishikawa,G_SK373,石B,13.4,2.7,不明,不明,石川県教育委員会他2008,TRUE
76,ISb1079,1079,小島西遺跡,Ishikawa,G_SK373,石B,11.8,,不明,不明,石川県教育委員会他2008,FALSE
77,ISb1080,1080,小島西遺跡,Ishikawa,G_SK373,石Bh,9.9,2.1,不明,不明,石川県教育委員会他2008,TRUE
78,ISb1081,1081,小島西遺跡,Ishikawa,G_SK373,石B,9.0,2.1,不明,不明,石川県教育委員会他2008,TRUE
79,ISb1082,1082,小島西遺跡,Ishikawa,G_SK373,石B,8.7,2.0,不明,不明,石川県教育委員会他2008,TRUE
80,ISb1083,1083,小島西遺跡,Ishikawa,G_SK373,石B,7.4,1.5,不明,不明,石川県教育委員会他2008,TRUE
81,ISb1084,1084,小島西遺跡,Ishikawa,G_SK373,石B,15.4,2.1,不明,不明,石川県教育委員会他2008,TRUE
82,ISb1085,1085,小島西遺跡,Ishikawa,G_SK373,石B,12.0,2.2,不明,不明,石川県教育委員会他2008,TRUE
83,ISb1086,1086,小島西遺跡,Ishikawa,G_SK373,石B,9.2,2.2,不明,不明,石川県教育委員会他2008,TRUE
84,ISb1087,1087,小島西遺跡,Ishikawa,G_SK373,石B,15.2,,不明,不明,石川県教育委員会他2008,FALSE
85,ISb1088,1088,小島西遺跡,Ishikawa,G_SK373,石B,12.1,2.2,不明,不明,石川県教育委員会他2008,TRUE
86,ISb1089,1089,小島西遺跡,Ishikawa,G_SK373,石B,12.2,2.2,不明,不明,石川県教育委員会他2008,TRUE
87,ISb1090,1090,小島西遺跡,Ishikawa,G_SK373,石B,9.2,1.9,不明,不明,石川県教育委員会他2008,TRUE
88,ISb1091,1091,小島西遺跡,Ishikawa,G_SK373,石B,8.9,2.0,不明,不明,石川県教育委員会他2008,TRUE
89,ISb1093,1093,小島西遺跡,Ishikawa,G_SK373,石B,16.0,2.9,不明,不明,石川県教育委員会他2008,TRUE
90,ISb1094,1094,小島西遺跡,Ishikawa,G_SK373,石B,15.9,2.4,不明,不明,石川県教育委員会他2008,TRUE
91,ISb1095,1095,小島西遺跡,Ishikawa,G_SK373,石B,15.5,2.7,不明,不明,石川県教育委員会他2008,TRUE
92,ISb1096,1096,小島西遺跡,Ishikawa,G_SK373,石B,13.6,2.5,不明,不明,石川県教育委員会他2008,TRUE
93,ISb1097,1097,小島西遺跡,Ishikawa,G_SK373,石B,9.1,2.1,不明,不明,石川県教育委員会他2008,TRUE
94,ISb1098,1098,小島西遺跡,Ishikawa,G_SK373,石B,9.3,1.7,不明,不明,石川県教育委員会他2008,TRUE
95,ISb1099,1099,小島西遺跡,Ishikawa,G_SK373,石B,8.6,,不明,不明,石川県教育委員会他2008,FALSE
96,KYa794,794,平安京左京四条二坊十四町跡,Kyoto,SE0922,京N,7.1,1.4,不明,不明,（財）京都市埋蔵文化財研究所2003,FALSE
97,KYa795,795,平安京左京四条二坊十四町跡,Kyoto,SE0922,京N,7.1,1.4,不明,不明,（財）京都市埋蔵文化財研究所2003,FALSE
98,KYa796,796,平安京左京四条二坊十四町跡,Kyoto,SE0922,京N,7.6,1.6,不明,不明,（財）京都市埋蔵文化財研究所2003,FALSE
99,KYa797,797,平安京左京四条二坊十四町跡,Kyoto,SE0922,京N,8,1.6,不明,不明,（財）京都市埋蔵文化財研究所2003,FALSE
100,KYa798,798,平安京左京四条二坊十四町跡,Kyoto,SE0922,京N,7.8,1.6,不明,不明,（財）京都市埋蔵文化財研究所2003,FALSE
101,KYa799,799,平安京左京四条二坊十四町跡,Kyoto,SE0922,京N,8.1,1.7,不明,不明,（財）京都市埋蔵文化財研究所2003,FALSE
102,KYa800,800,平安京左京四条二坊十四町跡,Kyoto,SE0922,京N,8.2,1.6,不明,不明,（財）京都市埋蔵文化財研究所2003,FALSE
103,KYa801,801,平安京左京四条二坊十四町跡,Kyoto,SE0922,京N,8.2,1.8,不明,不明,（財）京都市埋蔵文化財研究所2003,FALSE
104,KYa802,802,平安京左京四条二坊十四町跡,Kyoto,SE0922,京N,8.6,1.7,不明,不明,（財）京都市埋蔵文化財研究所2003,FALSE
105,KYa803,803,平安京左京四条二坊十四町跡,Kyoto,SE0922,京N,8.2,1.5,不明,不明,（財）京都市埋蔵文化財研究所2003,FALSE
106,KYa804,804,平安京左京四条二坊十四町跡,Kyoto,SE0922,京N,10.4,1.9,不明,不明,（財）京都市埋蔵文化財研究所2003,FALSE
107,KYa805,805,平安京左京四条二坊十四町跡,Kyoto,SE0922,京N,10.2,2.2,不明,不明,（財）京都市埋蔵文化財研究所2003,FALSE
108,KYa806,806,平安京左京四条二坊十四町跡,Kyoto,SE0922,京Sh,7.4,2,不明,不明,（財）京都市埋蔵文化財研究所2003,FALSE
109,KYa807,807,平安京左京四条二坊十四町跡,Kyoto,SE0922,京S,8.4,1.9,不明,不明,（財）京都市埋蔵文化財研究所2003,TRUE
110,KYa808,808,平安京左京四条二坊十四町跡,Kyoto,SE0922,京S,8.5,2.2,不明,不明,（財）京都市埋蔵文化財研究所2003,TRUE
111,KYa809,809,平安京左京四条二坊十四町跡,Kyoto,SE0922,京S,8.6,2,不明,不明,（財）京都市埋蔵文化財研究所2003,TRUE
112,KYa810,810,平安京左京四条二坊十四町跡,Kyoto,SE0922,京S,8.8,2,不明,不明,（財）京都市埋蔵文化財研究所2003,TRUE
113,KYa811,811,平安京左京四条二坊十四町跡,Kyoto,SE0922,京S,8.8,2.1,不明,不明,（財）京都市埋蔵文化財研究所2003,TRUE
114,KYa812,812,平安京左京四条二坊十四町跡,Kyoto,SE0922,京S,12.2,2.5,不明,不明,（財）京都市埋蔵文化財研究所2003,TRUE
115,KYa813,813,平安京左京四条二坊十四町跡,Kyoto,SE0922,京S,12.4,2.5,不明,不明,（財）京都市埋蔵文化財研究所2003,TRUE
116,KYa814,814,平安京左京四条二坊十四町跡,Kyoto,SE0922,京S,12.5,2.6,不明,不明,（財）京都市埋蔵文化財研究所2003,TRUE
117,KYa815,815,平安京左京四条二坊十四町跡,Kyoto,SE0922,京S,14.3,2.9,不明,不明,（財）京都市埋蔵文化財研究所2003,FALSE
118,KYa816,816,平安京左京四条二坊十四町跡,Kyoto,SE0922,京S,14,2.7,不明,不明,（財）京都市埋蔵文化財研究所2003,TRUE
119,KYa817,817,平安京左京四条二坊十四町跡,Kyoto,SE0922,京S,14.7,2.5,不明,不明,（財）京都市埋蔵文化財研究所2003,TRUE
120,KYa818,818,平安京左京四条二坊十四町跡,Kyoto,SE0922,京S,15.1,2.6,不明,不明,（財）京都市埋蔵文化財研究所2003,TRUE
121,KYa819,819,平安京左京四条二坊十四町跡,Kyoto,SE0922,京S,15.2,2.7,不明,不明,（財）京都市埋蔵文化財研究所2003,TRUE
122,KYa820,820,平安京左京四条二坊十四町跡,Kyoto,SE0922,京S,15.3,2.6,不明,不明,（財）京都市埋蔵文化財研究所2003,TRUE
123,KYa821,821,平安京左京四条二坊十四町跡,Kyoto,SE0922,京S,17,2.8,不明,不明,（財）京都市埋蔵文化財研究所2003,TRUE
124,KYa868,868,平安京左京四条二坊十四町跡,Kyoto,SK2185,京Sh,7.2,1.7,不明,不明,（財）京都市埋蔵文化財研究所2003,FALSE
125,KYa869,869,平安京左京四条二坊十四町跡,Kyoto,SK2185,京Sh,7.4,1.6,不明,不明,（財）京都市埋蔵文化財研究所2003,FALSE
126,KYa870,870,平安京左京四条二坊十四町跡,Kyoto,SK2185,京Sb,8.8,1.6,不明,不明,（財）京都市埋蔵文化財研究所2003,TRUE
127,KYa871,871,平安京左京四条二坊十四町跡,Kyoto,SK2185,京Sb,8.5,1.7,不明,不明,（財）京都市埋蔵文化財研究所2003,TRUE
128,KYa872,872,平安京左京四条二坊十四町跡,Kyoto,SK2185,京S,11.7,2.2,不明,不明,（財）京都市埋蔵文化財研究所2003,FALSE
129,KYa873,873,平安京左京四条二坊十四町跡,Kyoto,SK2185,京S,11.7,2.1,不明,不明,（財）京都市埋蔵文化財研究所2003,TRUE
130,KYa874,874,平安京左京四条二坊十四町跡,Kyoto,SK2185,京N,7.4,1.8,不明,不明,（財）京都市埋蔵文化財研究所2003,FALSE
131,KYa875,875,平安京左京四条二坊十四町跡,Kyoto,SK2185,京N,7.5,1.5,不明,不明,（財）京都市埋蔵文化財研究所2003,FALSE
132,KYa876,876,平安京左京四条二坊十四町跡,Kyoto,SK2185,京N,7.3,1.5,不明,不明,（財）京都市埋蔵文化財研究所2003,FALSE
133,KYa877,877,平安京左京四条二坊十四町跡,Kyoto,SK2185,京N,7.6,1.8,不明,不明,（財）京都市埋蔵文化財研究所2003,FALSE
134,KYa878,878,平安京左京四条二坊十四町跡,Kyoto,SK2185,京N,7.6,1.6,不明,不明,（財）京都市埋蔵文化財研究所2003,FALSE
135,KYa879,879,平安京左京四条二坊十四町跡,Kyoto,SK2185,京N,7.9,1.6,不明,不明,（財）京都市埋蔵文化財研究所2003,FALSE
136,KYa880,880,平安京左京四条二坊十四町跡,Kyoto,SK2185,京N,8.1,1.4,不明,不明,（財）京都市埋蔵文化財研究所2003,FALSE
137,KYa881,881,平安京左京四条二坊十四町跡,Kyoto,SK2185,京N,10.2,2.1,不明,不明,（財）京都市埋蔵文化財研究所2003,FALSE
138,KYa882,882,平安京左京四条二坊十四町跡,Kyoto,SK2185,京N,10.3,2,不明,不明,（財）京都市埋蔵文化財研究所2003,FALSE
139,KYa883,883,平安京左京四条二坊十四町跡,Kyoto,SK2185,京S,14.3,2.3,不明,不明,（財）京都市埋蔵文化財研究所2003,TRUE
140,KYa884,884,平安京左京四条二坊十四町跡,Kyoto,SK2185,京S,14.4,2.4,不明,不明,（財）京都市埋蔵文化財研究所2003,TRUE
141,KYa885,885,平安京左京四条二坊十四町跡,Kyoto,SK2185,京S,14.2,2.4,不明,不明,（財）京都市埋蔵文化財研究所2003,TRUE
142,KYa886,886,平安京左京四条二坊十四町跡,Kyoto,SK2185,京S,14.1,2.1,不明,不明,（財）京都市埋蔵文化財研究所2003,TRUE
143,KYa887,887,平安京左京四条二坊十四町跡,Kyoto,SK2185,京S,14.7,2.3,不明,不明,（財）京都市埋蔵文化財研究所2003,TRUE
144,KYa888,888,平安京左京四条二坊十四町跡,Kyoto,SK2185,京S,14.6,2.4,不明,不明,（財）京都市埋蔵文化財研究所2003,TRUE
145,KYa889,889,平安京左京四条二坊十四町跡,Kyoto,SK2185,京S,14.3,2.3,不明,不明,（財）京都市埋蔵文化財研究所2003,FALSE
146,KYa890,890,平安京左京四条二坊十四町跡,Kyoto,SK2185,京S,14.4,2.4,不明,不明,（財）京都市埋蔵文化財研究所2003,TRUE
147,KYa891,891,平安京左京四条二坊十四町跡,Kyoto,SK2185,京S,14.2,2.8,不明,不明,（財）京都市埋蔵文化財研究所2003,TRUE
148,KYa892,892,平安京左京四条二坊十四町跡,Kyoto,SK2185,京S,14.1,2.1,不明,不明,（財）京都市埋蔵文化財研究所2003,TRUE
149,KYa893,893,平安京左京四条二坊十四町跡,Kyoto,SK2185,京S,14.7,2.5,不明,不明,（財）京都市埋蔵文化財研究所2003,TRUE
150,KYa894,894,平安京左京四条二坊十四町跡,Kyoto,SK2185,京S,14.6,2.5,不明,不明,（財）京都市埋蔵文化財研究所2003,FALSE
151,KYa895,895,平安京左京四条二坊十四町跡,Kyoto,SK2185,京S,14.3,2.2,不明,不明,（財）京都市埋蔵文化財研究所2003,TRUE
152,KYa896,896,平安京左京四条二坊十四町跡,Kyoto,SK2185,京S,14.3,2.4,不明,不明,（財）京都市埋蔵文化財研究所2003,TRUE
153,KYa897,897,平安京左京四条二坊十四町跡,Kyoto,SK2185,京S,14.6,2.6,不明,不明,（財）京都市埋蔵文化財研究所2003,TRUE
154,KYa898,898,平安京左京四条二坊十四町跡,Kyoto,SK2185,京S,14.6,2.5,不明,不明,（財）京都市埋蔵文化財研究所2003,TRUE
155,KYa899,899,平安京左京四条二坊十四町跡,Kyoto,SK2185,京S,14.5,2.6,不明,不明,（財）京都市埋蔵文化財研究所2003,TRUE
156,KYa900,900,平安京左京四条二坊十四町跡,Kyoto,SK2185,京S,14.2,2.3,不明,不明,（財）京都市埋蔵文化財研究所2003,TRUE
157,KYa901,901,平安京左京四条二坊十四町跡,Kyoto,SK2185,京S,14.2,2.3,不明,不明,（財）京都市埋蔵文化財研究所2003,TRUE
158,KYa902,902,平安京左京四条二坊十四町跡,Kyoto,SK2185,京S,14.6,2.2,不明,不明,（財）京都市埋蔵文化財研究所2003,TRUE
159,KYa903,903,平安京左京四条二坊十四町跡,Kyoto,SK2185,京S,15.2,2.9,不明,不明,（財）京都市埋蔵文化財研究所2003,TRUE
160,KYa904,904,平安京左京四条二坊十四町跡,Kyoto,SK2185,京S,16.2,2.6,不明,不明,（財）京都市埋蔵文化財研究所2003,FALSE
161,KYa905,905,平安京左京四条二坊十四町跡,Kyoto,SK2185,京S,17,2.6,不明,不明,（財）京都市埋蔵文化財研究所2003,FALSE
162,KYa906,906,平安京左京四条二坊十四町跡,Kyoto,SK2185,京S,18.8,2.7,不明,不明,（財）京都市埋蔵文化財研究所2003,TRUE
163,KYa907,907,平安京左京四条二坊十四町跡,Kyoto,SK2185,京S,20,2.7,不明,不明,（財）京都市埋蔵文化財研究所2003,FALSE
164,KYb061,61,史跡・名勝嵐山,Kyoto,土壙170,京Sh,6.6,1.8,不明,不明,（財）京都市埋蔵文化財研究所2004,FALSE
165,KYb062,62,史跡・名勝嵐山,Kyoto,土壙170,京Sh,6.8,1.9,不明,不明,（財）京都市埋蔵文化財研究所2004,FALSE
166,KYb063,63,史跡・名勝嵐山,Kyoto,土壙170,京Sh,6.8,1.8,不明,不明,（財）京都市埋蔵文化財研究所2004,FALSE
167,KYb064,64,史跡・名勝嵐山,Kyoto,土壙170,京Sh,7,1.8,不明,不明,（財）京都市埋蔵文化財研究所2004,FALSE
168,KYb065,65,史跡・名勝嵐山,Kyoto,土壙170,京Sh,7,1.9,不明,不明,（財）京都市埋蔵文化財研究所2004,FALSE
169,KYb066,66,史跡・名勝嵐山,Kyoto,土壙170,京Sh,7,1.7,不明,不明,（財）京都市埋蔵文化財研究所2004,FALSE
170,KYb067,67,史跡・名勝嵐山,Kyoto,土壙170,京Sh,7.2,2,不明,不明,（財）京都市埋蔵文化財研究所2004,FALSE
171,KYb068,68,史跡・名勝嵐山,Kyoto,土壙170,京Sh,7.2,1.6,不明,不明,（財）京都市埋蔵文化財研究所2004,FALSE
172,KYb069,69,史跡・名勝嵐山,Kyoto,土壙170,京Sh,7.2,1.6,不明,不明,（財）京都市埋蔵文化財研究所2004,FALSE
173,KYb070,70,史跡・名勝嵐山,Kyoto,土壙170,京Sh,7.4,1.8,不明,不明,（財）京都市埋蔵文化財研究所2004,FALSE
174,KYb071,71,史跡・名勝嵐山,Kyoto,土壙170,京Sh,7.4,2,不明,不明,（財）京都市埋蔵文化財研究所2004,FALSE
175,KYb072,72,史跡・名勝嵐山,Kyoto,土壙170,京Sh,7.4,1.8,不明,不明,（財）京都市埋蔵文化財研究所2004,FALSE
176,KYb073,73,史跡・名勝嵐山,Kyoto,土壙170,京Sh,7.4,1.8,不明,不明,（財）京都市埋蔵文化財研究所2004,FALSE
177,KYb074,74,史跡・名勝嵐山,Kyoto,土壙170,京Sh,7.5,1.9,不明,不明,（財）京都市埋蔵文化財研究所2004,FALSE
178,KYb075,75,史跡・名勝嵐山,Kyoto,土壙170,京Sh,7.6,1.7,不明,不明,（財）京都市埋蔵文化財研究所2004,FALSE
179,KYb076,76,史跡・名勝嵐山,Kyoto,土壙170,京Sh,7.8,1.9,不明,不明,（財）京都市埋蔵文化財研究所2004,FALSE
180,KYb077,77,史跡・名勝嵐山,Kyoto,土壙170,京Sh,7.8,1.9,不明,不明,（財）京都市埋蔵文化財研究所2004,FALSE
181,KYb078,78,史跡・名勝嵐山,Kyoto,土壙170,京Sh,7.8,1.8,不明,不明,（財）京都市埋蔵文化財研究所2004,FALSE
182,KYb079,79,史跡・名勝嵐山,Kyoto,土壙170,京N,7.2,NA,不明,不明,（財）京都市埋蔵文化財研究所2004,FALSE
183,KYb080,80,史跡・名勝嵐山,Kyoto,土壙170,京N,7.6,1.2,不明,不明,（財）京都市埋蔵文化財研究所2004,FALSE
184,KYb081,81,史跡・名勝嵐山,Kyoto,土壙170,京N,7.6,1.4,不明,不明,（財）京都市埋蔵文化財研究所2004,FALSE
185,KYb082,82,史跡・名勝嵐山,Kyoto,土壙170,京N,9.2,2,不明,不明,（財）京都市埋蔵文化財研究所2004,FALSE
186,KYb083,83,史跡・名勝嵐山,Kyoto,土壙170,京N,9.6,1.9,不明,不明,（財）京都市埋蔵文化財研究所2004,FALSE
187,KYb084,84,史跡・名勝嵐山,Kyoto,土壙170,京S,12.2,3,不明,不明,（財）京都市埋蔵文化財研究所2004,TRUE
188,KYb085,85,史跡・名勝嵐山,Kyoto,土壙170,京S,12.4,3.1,不明,不明,（財）京都市埋蔵文化財研究所2004,TRUE
189,KYb086,86,史跡・名勝嵐山,Kyoto,土壙170,京S,12.4,2.4,不明,不明,（財）京都市埋蔵文化財研究所2004,TRUE
190,KYb087,87,史跡・名勝嵐山,Kyoto,土壙170,京S,12.5,3.2,不明,不明,（財）京都市埋蔵文化財研究所2004,TRUE
191,KYb088,88,史跡・名勝嵐山,Kyoto,土壙170,京S,12.4,3.1,不明,不明,（財）京都市埋蔵文化財研究所2004,TRUE
192,KYb089,89,史跡・名勝嵐山,Kyoto,土壙170,京S,12.5,3.1,不明,不明,（財）京都市埋蔵文化財研究所2004,TRUE
193,KYb090,90,史跡・名勝嵐山,Kyoto,土壙170,京S,12.8,3.1,不明,不明,（財）京都市埋蔵文化財研究所2004,TRUE
194,KYb091,91,史跡・名勝嵐山,Kyoto,土壙170,京S,12.8,3,不明,不明,（財）京都市埋蔵文化財研究所2004,TRUE
195,KYb092,92,史跡・名勝嵐山,Kyoto,土壙170,京S,13,3.1,不明,不明,（財）京都市埋蔵文化財研究所2004,TRUE
196,KYb093,93,史跡・名勝嵐山,Kyoto,土壙170,京S,14.2,3.2,不明,不明,（財）京都市埋蔵文化財研究所2004,TRUE
197,KYb094,94,史跡・名勝嵐山,Kyoto,土壙170,京S,14.8,NA,不明,不明,（財）京都市埋蔵文化財研究所2004,FALSE
198,KYb095,95,史跡・名勝嵐山,Kyoto,土壙170,京S,14.8,2.7,不明,不明,（財）京都市埋蔵文化財研究所2004,TRUE
199,KYb096,96,史跡・名勝嵐山,Kyoto,土壙170,京S,15.9,NA,不明,不明,（財）京都市埋蔵文化財研究所2004,FALSE
200,KYb097,97,史跡・名勝嵐山,Kyoto,土壙170,京S,15.9,3.6,不明,不明,（財）京都市埋蔵文化財研究所2004,TRUE
201,KYb098,98,史跡・名勝嵐山,Kyoto,土壙170,京S,16,3.6,不明,不明,（財）京都市埋蔵文化財研究所2004,TRUE
202,KYb099,99,史跡・名勝嵐山,Kyoto,土壙170,京S,16.2,3,不明,不明,（財）京都市埋蔵文化財研究所2004,TRUE
203,KYb100,100,史跡・名勝嵐山,Kyoto,土壙170,京S,16.8,3.1,不明,不明,（財）京都市埋蔵文化財研究所2004,TRUE
204,KYc105,105,山科寺内町遺跡,Kyoto,石室2,京S,15,2.2,不明,不明,岡田・浜崎1985,TRUE
205,KYc106,106,山科寺内町遺跡,Kyoto,石室2,京S,15,2.2,不明,不明,岡田・浜崎1985,TRUE
206,KYc107,107,山科寺内町遺跡,Kyoto,石室2,京S,14.6,2,不明,不明,岡田・浜崎1985,TRUE
207,KYc108,108,山科寺内町遺跡,Kyoto,石室3,京S,15.6,2.2,不明,不明,岡田・浜崎1985,TRUE
208,KYc109,109,山科寺内町遺跡,Kyoto,石室3,京S,15.2,2,不明,不明,岡田・浜崎1985,TRUE
209,KYc110,110,山科寺内町遺跡,Kyoto,石室3,京S,15.6,2,不明,不明,岡田・浜崎1985,TRUE
210,KYc111,111,山科寺内町遺跡,Kyoto,石室3,京S,15.6,1.6,不明,不明,岡田・浜崎1985,TRUE
211,KYc112,112,山科寺内町遺跡,Kyoto,石室4,京S,18,2.6,不明,不明,岡田・浜崎1985,TRUE
212,KYc113,113,山科寺内町遺跡,Kyoto,石室2,京S,13.6,2.2,不明,不明,岡田・浜崎1985,TRUE
213,KYc114,114,山科寺内町遺跡,Kyoto,石室2,京S,13.2,2,不明,不明,岡田・浜崎1985,TRUE
214,KYc115,115,山科寺内町遺跡,Kyoto,石室2,京S,13,2,不明,不明,岡田・浜崎1985,TRUE
215,KYc116,116,山科寺内町遺跡,Kyoto,石室3,京S,13.6,2,不明,不明,岡田・浜崎1985,TRUE
216,KYc117,117,山科寺内町遺跡,Kyoto,石室3,京S,13.6,2.2,不明,不明,岡田・浜崎1985,TRUE
217,KYc118,118,山科寺内町遺跡,Kyoto,石室3,京S,13.4,2,不明,不明,岡田・浜崎1985,TRUE
218,KYc119,119,山科寺内町遺跡,Kyoto,石室3,京S,13.2,1.8,不明,不明,岡田・浜崎1985,TRUE
219,KYc120,120,山科寺内町遺跡,Kyoto,石室4,京S,14.6,2.6,不明,不明,岡田・浜崎1985,FALSE
220,KYc121,121,山科寺内町遺跡,Kyoto,石室4,京S,14,2.4,不明,不明,岡田・浜崎1985,FALSE
221,KYc122,122,山科寺内町遺跡,Kyoto,石室4,京S,13.6,2.2,不明,不明,岡田・浜崎1985,TRUE
222,KYc123,123,山科寺内町遺跡,Kyoto,石室4,京S,13.2,2.2,不明,不明,岡田・浜崎1985,TRUE
223,KYc124,124,山科寺内町遺跡,Kyoto,石室4,京S,14.2,2,不明,不明,岡田・浜崎1985,FALSE
224,KYc125,125,山科寺内町遺跡,Kyoto,石室4,京S,13.6,2.2,不明,不明,岡田・浜崎1985,TRUE
225,KYc126,126,山科寺内町遺跡,Kyoto,石室4,京S,13.8,2.2,不明,不明,岡田・浜崎1985,TRUE
226,KYc127,127,山科寺内町遺跡,Kyoto,石室2,京S,11.8,2.2,不明,不明,岡田・浜崎1985,TRUE
227,KYc128,128,山科寺内町遺跡,Kyoto,石室2,京S,11.8,2,不明,不明,岡田・浜崎1985,TRUE
228,KYc129,129,山科寺内町遺跡,Kyoto,石室2,京S,11.4,1.9,不明,不明,岡田・浜崎1985,TRUE
229,KYc130,130,山科寺内町遺跡,Kyoto,石室2,京S,11.5,1.9,不明,不明,岡田・浜崎1985,TRUE
230,KYc131,131,山科寺内町遺跡,Kyoto,石室2,京S,10.8,1.9,不明,不明,岡田・浜崎1985,TRUE
231,KYc132,132,山科寺内町遺跡,Kyoto,石室2,京S,11.5,2.2,体部：2字ナデ,不明,岡田・浜崎1985,TRUE
232,KYc133,133,山科寺内町遺跡,Kyoto,石室3,京S,11.6,2,不明,不明,岡田・浜崎1985,TRUE
233,KYc134,134,山科寺内町遺跡,Kyoto,石室3,京S,11.7,2,不明,不明,岡田・浜崎1985,TRUE
234,KYc135,135,山科寺内町遺跡,Kyoto,石室3,京S,11.2,2,不明,不明,岡田・浜崎1985,TRUE
235,KYc136,136,山科寺内町遺跡,Kyoto,石室4,京S,12.1,1.9,不明,不明,岡田・浜崎1985,TRUE
236,KYc137,137,山科寺内町遺跡,Kyoto,石室2,京Sb,9.6,1.8,不明,不明,岡田・浜崎1985,TRUE
237,KYc138,138,山科寺内町遺跡,Kyoto,石室2,京Sb,9.6,2,不明,不明,岡田・浜崎1985,TRUE
238,KYc139,139,山科寺内町遺跡,Kyoto,石室2,京Sb,9.8,2,不明,不明,岡田・浜崎1985,TRUE
239,KYc140,140,山科寺内町遺跡,Kyoto,石室2,京Sb,9.6,1.8,不明,不明,岡田・浜崎1985,TRUE
240,KYc141,141,山科寺内町遺跡,Kyoto,石室2,京Sb,9.6,2,不明,不明,岡田・浜崎1985,TRUE
241,KYc142,142,山科寺内町遺跡,Kyoto,石室2,京Sb,9.6,1.9,不明,不明,岡田・浜崎1985,TRUE
242,KYc143,143,山科寺内町遺跡,Kyoto,石室3,京Sb,9.8,1.7,不明,不明,岡田・浜崎1985,TRUE
243,KYc144,144,山科寺内町遺跡,Kyoto,石室3,京Sb,9.3,1.9,不明,不明,岡田・浜崎1985,TRUE
244,KYc145,145,山科寺内町遺跡,Kyoto,石室3,京Sb,8.8,1.8,不明,不明,岡田・浜崎1985,TRUE
245,KYc146,146,山科寺内町遺跡,Kyoto,石室3,京Sb,8.9,1.8,不明,不明,岡田・浜崎1985,TRUE
246,KYc147,147,山科寺内町遺跡,Kyoto,石室3,京Sb,8.8,1.6,不明,不明,岡田・浜崎1985,TRUE
247,KYc148,148,山科寺内町遺跡,Kyoto,石室3,京Sb,9.1,NA,不明,不明,岡田・浜崎1985,FALSE
248,KYc149,149,山科寺内町遺跡,Kyoto,石室3,京Sb,9.1,1.6,不明,不明,岡田・浜崎1985,TRUE
249,KYc150,150,山科寺内町遺跡,Kyoto,石室3,京Sb,9.4,NA,不明,不明,岡田・浜崎1985,FALSE
250,KYc151,151,山科寺内町遺跡,Kyoto,石室3,,6.8,1.2,不明,不明,岡田・浜崎1985,FALSE
251,KYc152,152,山科寺内町遺跡,Kyoto,石室3,,4.4,1.1,不明,不明,岡田・浜崎1985,FALSE
252,KYc153,153,山科寺内町遺跡,Kyoto,石室4,京Sb,9.6,1.8,不明,不明,岡田・浜崎1985,TRUE
253,KYc154,154,山科寺内町遺跡,Kyoto,石室4,京Sb,9.2,1.8,不明,不明,岡田・浜崎1985,TRUE
254,KYc155,155,山科寺内町遺跡,Kyoto,石室4,京Sb,9,1.8,不明,不明,岡田・浜崎1985,TRUE
255,KYc156,156,山科寺内町遺跡,Kyoto,石室4,京Sb,9.4,1.8,不明,不明,岡田・浜崎1985,TRUE
256,KYc157,157,山科寺内町遺跡,Kyoto,石室4,京Sb,9,1.8,不明,不明,岡田・浜崎1985,TRUE
257,KYc158,158,山科寺内町遺跡,Kyoto,石室4,京Sb,8.9,1.8,不明,不明,岡田・浜崎1985,TRUE
258,KYc159,159,山科寺内町遺跡,Kyoto,石室4,京Sb,9,1.7,体部：の字ナデ,不明,岡田・浜崎1985,TRUE
259,KYd001,1,平安京左京三条四坊七町跡,Kyoto,SK415,京N,7.8,1.5,不明,不明,平尾2019,FALSE
260,KYd002,2,平安京左京三条四坊七町跡,Kyoto,SK415,京N,9.5,2.3,不明,不明,平尾2019,FALSE
261,KYd003,3,平安京左京三条四坊七町跡,Kyoto,SK415,京N,10.4,2.5,不明,不明,平尾2019,FALSE
262,KYd004,4,平安京左京三条四坊七町跡,Kyoto,SK415,京Sh,7.2,1.8,不明,不明,平尾2019,FALSE
263,KYd005,5,平安京左京三条四坊七町跡,Kyoto,SK415,京Sh,7.6,1.9,不明,不明,平尾2019,FALSE
264,KYd006,6,平安京左京三条四坊七町跡,Kyoto,SK415,京S,8.2,2,不明,不明,平尾2019,TRUE
265,KYd007,7,平安京左京三条四坊七町跡,Kyoto,SK415,京S,8.1,1.9,不明,不明,平尾2019,TRUE
266,KYd008,8,平安京左京三条四坊七町跡,Kyoto,SK415,京S,8.2,1.9,不明,不明,平尾2019,TRUE
267,KYd009,9,平安京左京三条四坊七町跡,Kyoto,SK415,京S,8.2,2,不明,不明,平尾2019,TRUE
268,KYd010,10,平安京左京三条四坊七町跡,Kyoto,SK415,京S,8.3,2.1,不明,不明,平尾2019,TRUE
269,KYd011,11,平安京左京三条四坊七町跡,Kyoto,SK415,京S,8.4,2,不明,不明,平尾2019,TRUE
270,KYd012,12,平安京左京三条四坊七町跡,Kyoto,SK415,京S,8.4,2.2,不明,不明,平尾2019,TRUE
271,KYd013,13,平安京左京三条四坊七町跡,Kyoto,SK415,京S,8.6,2.2,不明,不明,平尾2019,FALSE
272,KYd014,14,平安京左京三条四坊七町跡,Kyoto,SK415,京S,8.7,2.2,不明,不明,平尾2019,TRUE
273,KYd015,15,平安京左京三条四坊七町跡,Kyoto,SK415,京S,9.9,2,不明,不明,平尾2019,TRUE
274,KYd016,16,平安京左京三条四坊七町跡,Kyoto,SK415,京S,9.6,2.4,不明,不明,平尾2019,TRUE
275,KYd017,17,平安京左京三条四坊七町跡,Kyoto,SK415,京S,10,2.3,不明,不明,平尾2019,TRUE
276,KYd018,18,平安京左京三条四坊七町跡,Kyoto,SK415,京S,10.1,2.2,不明,不明,平尾2019,TRUE
277,KYd019,19,平安京左京三条四坊七町跡,Kyoto,SK415,京S,10.5,2.4,不明,不明,平尾2019,TRUE
278,KYd020,20,平安京左京三条四坊七町跡,Kyoto,SK415,京S,11.6,2.4,不明,不明,平尾2019,TRUE
279,KYd021,21,平安京左京三条四坊七町跡,Kyoto,SK415,京S,11.7,2.5,不明,不明,平尾2019,TRUE
280,KYd022,22,平安京左京三条四坊七町跡,Kyoto,SK415,京S,11.9,2.4,不明,不明,平尾2019,TRUE
281,KYd023,23,平安京左京三条四坊七町跡,Kyoto,SK415,京S,11.9,2.5,不明,不明,平尾2019,TRUE
282,KYd024,24,平安京左京三条四坊七町跡,Kyoto,SK415,京S,12,2.6,不明,不明,平尾2019,TRUE
283,KYd025,25,平安京左京三条四坊七町跡,Kyoto,SK415,京S,12.1,2.6,不明,不明,平尾2019,TRUE
284,KYd026,26,平安京左京三条四坊七町跡,Kyoto,SK415,京S,12.1,2.5,不明,不明,平尾2019,TRUE
285,KYd027,27,平安京左京三条四坊七町跡,Kyoto,SK415,京S,12.2,2.6,不明,不明,平尾2019,TRUE
286,KYd028,28,平安京左京三条四坊七町跡,Kyoto,SK415,京S,14.3,2.7,不明,不明,平尾2019,TRUE
287,KYd029,29,平安京左京三条四坊七町跡,Kyoto,SK415,京S,14.3,2.8,不明,不明,平尾2019,TRUE
288,KYd030,30,平安京左京三条四坊七町跡,Kyoto,SK415,京S,14.5,2.8,不明,不明,平尾2019,TRUE
289,KYd031,31,平安京左京三条四坊七町跡,Kyoto,SK415,京S,14.5,2.7,不明,不明,平尾2019,TRUE
290,KYd032,32,平安京左京三条四坊七町跡,Kyoto,SK415,京S,14.5,2.8,不明,不明,平尾2019,TRUE
291,KYd033,33,平安京左京三条四坊七町跡,Kyoto,SK415,京S,14.5,2.6,不明,不明,平尾2019,TRUE
292,KYd034,34,平安京左京三条四坊七町跡,Kyoto,SK415,京S,14.6,2.9,不明,不明,平尾2019,TRUE
293,KYd035,35,平安京左京三条四坊七町跡,Kyoto,SK415,京S,14.4,2.7,不明,不明,平尾2019,TRUE
294,KYd036,36,平安京左京三条四坊七町跡,Kyoto,SK415,京S,14.7,2.9,不明,不明,平尾2019,TRUE
295,KYd037,37,平安京左京三条四坊七町跡,Kyoto,SK415,京S,14.7,2.7,不明,不明,平尾2019,TRUE
296,KYd038,38,平安京左京三条四坊七町跡,Kyoto,SK415,京S,14.8,2.7,不明,不明,平尾2019,TRUE
297,KYd039,39,平安京左京三条四坊七町跡,Kyoto,SK415,京S,14.9,2.7,不明,不明,平尾2019,TRUE
298,KYd040,40,平安京左京三条四坊七町跡,Kyoto,SK415,京S,14.9,2.6,不明,不明,平尾2019,FALSE
299,KYd041,41,平安京左京三条四坊七町跡,Kyoto,SK415,京S,14.9,2.7,不明,不明,平尾2019,FALSE
300,KYd042,42,平安京左京三条四坊七町跡,Kyoto,SK415,京S,15.2,2.7,不明,不明,平尾2019,TRUE
301,KYd043,43,平安京左京三条四坊七町跡,Kyoto,SK415,京S,15.1,2.6,不明,不明,平尾2019,FALSE
302,KYd044,44,平安京左京三条四坊七町跡,Kyoto,SK415,京S,15.4,2.8,不明,不明,平尾2019,TRUE
303,KYd045,45,平安京左京三条四坊七町跡,Kyoto,SK415,京S,15.4,2.7,不明,不明,平尾2019,FALSE
304,KYd046,46,平安京左京三条四坊七町跡,Kyoto,SK415,京S,15.6,2.6,不明,不明,平尾2019,TRUE
305,KYd047,47,平安京左京三条四坊七町跡,Kyoto,SK415,京S,16.1,3,不明,不明,平尾2019,TRUE
306,KYd048,48,平安京左京三条四坊七町跡,Kyoto,SK415,京S,16.4,2.9,不明,不明,平尾2019,TRUE
307,KYd049,49,平安京左京三条四坊七町跡,Kyoto,SK415,京S,16.7,2.8,不明,不明,平尾2019,FALSE
308,KYd050,50,平安京左京三条四坊七町跡,Kyoto,SK415,京S,16.6,3.1,不明,不明,平尾2019,TRUE
309,KYd051,51,平安京左京三条四坊七町跡,Kyoto,SK415,京S,17.3,2.6,不明,不明,平尾2019,FALSE
310,KYd052,52,平安京左京三条四坊七町跡,Kyoto,SK415,京S,17.2,NA,不明,不明,平尾2019,FALSE
311,KYe366,366,平安京左京五条三坊十町跡・烏丸綾小路遺跡,Kyoto,土坑170,京Sh,6.5,1.5,不明,不明,（公財）京都市埋蔵文化財研究所2015,FALSE
312,KYe367,367,平安京左京五条三坊十町跡・烏丸綾小路遺跡,Kyoto,土坑170,京Sh,6.7,1.6,不明,不明,（公財）京都市埋蔵文化財研究所2015,FALSE
313,KYe368,368,平安京左京五条三坊十町跡・烏丸綾小路遺跡,Kyoto,土坑170,京Sh,6.7,1.5,不明,不明,（公財）京都市埋蔵文化財研究所2015,FALSE
314,KYe369,369,平安京左京五条三坊十町跡・烏丸綾小路遺跡,Kyoto,土坑170,京Sh,6.9,1.7,不明,不明,（公財）京都市埋蔵文化財研究所2015,FALSE
315,KYe370,370,平安京左京五条三坊十町跡・烏丸綾小路遺跡,Kyoto,土坑170,京Sh,6.9,1.8,不明,不明,（公財）京都市埋蔵文化財研究所2015,FALSE
316,KYe371,371,平安京左京五条三坊十町跡・烏丸綾小路遺跡,Kyoto,土坑170,京Sh,7,1.6,不明,不明,（公財）京都市埋蔵文化財研究所2015,FALSE
317,KYe372,372,平安京左京五条三坊十町跡・烏丸綾小路遺跡,Kyoto,土坑170,京Sh,7.1,1.6,不明,不明,（公財）京都市埋蔵文化財研究所2015,FALSE
318,KYe373,373,平安京左京五条三坊十町跡・烏丸綾小路遺跡,Kyoto,土坑170,京Sh,7.1,1.7,不明,不明,（公財）京都市埋蔵文化財研究所2015,FALSE
319,KYe374,374,平安京左京五条三坊十町跡・烏丸綾小路遺跡,Kyoto,土坑170,京Sh,7.3,1.6,不明,不明,（公財）京都市埋蔵文化財研究所2015,FALSE
320,KYe375,375,平安京左京五条三坊十町跡・烏丸綾小路遺跡,Kyoto,土坑170,京S,8.2,1.6,不明,不明,（公財）京都市埋蔵文化財研究所2015,TRUE
321,KYe376,376,平安京左京五条三坊十町跡・烏丸綾小路遺跡,Kyoto,土坑170,京S,8.3,1.9,不明,不明,（公財）京都市埋蔵文化財研究所2015,TRUE
322,KYe377,377,平安京左京五条三坊十町跡・烏丸綾小路遺跡,Kyoto,土坑170,京S,8.4,1.8,不明,不明,（公財）京都市埋蔵文化財研究所2015,TRUE
323,KYe378,378,平安京左京五条三坊十町跡・烏丸綾小路遺跡,Kyoto,土坑170,京S,8.5,1.7,不明,不明,（公財）京都市埋蔵文化財研究所2015,TRUE
324,KYe379,379,平安京左京五条三坊十町跡・烏丸綾小路遺跡,Kyoto,土坑170,京S,8.5,2,不明,不明,（公財）京都市埋蔵文化財研究所2015,TRUE
325,KYe380,380,平安京左京五条三坊十町跡・烏丸綾小路遺跡,Kyoto,土坑170,京S,8.6,1.6,不明,不明,（公財）京都市埋蔵文化財研究所2015,TRUE
326,KYe381,381,平安京左京五条三坊十町跡・烏丸綾小路遺跡,Kyoto,土坑170,京S,8.7,1.9,不明,不明,（公財）京都市埋蔵文化財研究所2015,TRUE
327,KYe382,382,平安京左京五条三坊十町跡・烏丸綾小路遺跡,Kyoto,土坑170,京S,8.8,1.8,不明,不明,（公財）京都市埋蔵文化財研究所2015,TRUE
328,KYe383,383,平安京左京五条三坊十町跡・烏丸綾小路遺跡,Kyoto,土坑170,京S,8.9,1.8,不明,不明,（公財）京都市埋蔵文化財研究所2015,TRUE
329,KYe384,384,平安京左京五条三坊十町跡・烏丸綾小路遺跡,Kyoto,土坑170,京S,11.4,2.1,不明,不明,（公財）京都市埋蔵文化財研究所2015,TRUE
330,KYe385,385,平安京左京五条三坊十町跡・烏丸綾小路遺跡,Kyoto,土坑170,京S,11.6,2,不明,不明,（公財）京都市埋蔵文化財研究所2015,TRUE
331,KYe386,386,平安京左京五条三坊十町跡・烏丸綾小路遺跡,Kyoto,土坑170,京S,11.7,2.5,不明,不明,（公財）京都市埋蔵文化財研究所2015,TRUE
332,KYe387,387,平安京左京五条三坊十町跡・烏丸綾小路遺跡,Kyoto,土坑170,京S,12,2.3,不明,不明,（公財）京都市埋蔵文化財研究所2015,FALSE
333,KYe388,388,平安京左京五条三坊十町跡・烏丸綾小路遺跡,Kyoto,土坑170,京S,12.1,2.2,不明,不明,（公財）京都市埋蔵文化財研究所2015,TRUE
334,KYe389,389,平安京左京五条三坊十町跡・烏丸綾小路遺跡,Kyoto,土坑170,京S,12.2,2.3,不明,不明,（公財）京都市埋蔵文化財研究所2015,TRUE
335,KYe390,390,平安京左京五条三坊十町跡・烏丸綾小路遺跡,Kyoto,土坑170,京S,12.3,2.3,不明,不明,（公財）京都市埋蔵文化財研究所2015,FALSE
336,KYe391,391,平安京左京五条三坊十町跡・烏丸綾小路遺跡,Kyoto,土坑170,京S,12.3,2,不明,不明,（公財）京都市埋蔵文化財研究所2015,FALSE
337,KYe392,392,平安京左京五条三坊十町跡・烏丸綾小路遺跡,Kyoto,土坑170,京S,12.4,2.4,不明,不明,（公財）京都市埋蔵文化財研究所2015,TRUE
338,KYe393,393,平安京左京五条三坊十町跡・烏丸綾小路遺跡,Kyoto,土坑170,京S,12.6,2.1,不明,不明,（公財）京都市埋蔵文化財研究所2015,FALSE
339,KYe394,394,平安京左京五条三坊十町跡・烏丸綾小路遺跡,Kyoto,土坑170,京S,13.2,2.3,不明,不明,（公財）京都市埋蔵文化財研究所2015,FALSE
340,KYe395,395,平安京左京五条三坊十町跡・烏丸綾小路遺跡,Kyoto,土坑170,京S,13.9,2.6,不明,不明,（公財）京都市埋蔵文化財研究所2015,TRUE
341,KYe396,396,平安京左京五条三坊十町跡・烏丸綾小路遺跡,Kyoto,土坑170,京S,14.2,2.4,不明,不明,（公財）京都市埋蔵文化財研究所2015,FALSE
342,KYe397,397,平安京左京五条三坊十町跡・烏丸綾小路遺跡,Kyoto,土坑170,京S,14.3,2.6,不明,不明,（公財）京都市埋蔵文化財研究所2015,FALSE
343,KYe398,398,平安京左京五条三坊十町跡・烏丸綾小路遺跡,Kyoto,土坑170,京S,14.4,2.5,不明,不明,（公財）京都市埋蔵文化財研究所2015,FALSE
344,KYe399,399,平安京左京五条三坊十町跡・烏丸綾小路遺跡,Kyoto,土坑170,京S,14.5,2.6,不明,不明,（公財）京都市埋蔵文化財研究所2015,FALSE
345,KYe400,400,平安京左京五条三坊十町跡・烏丸綾小路遺跡,Kyoto,土坑170,京S,14.6,2.4,不明,不明,（公財）京都市埋蔵文化財研究所2015,FALSE
346,KYe401,401,平安京左京五条三坊十町跡・烏丸綾小路遺跡,Kyoto,土坑170,京S,14.7,2.5,不明,不明,（公財）京都市埋蔵文化財研究所2015,FALSE
347,KYe402,402,平安京左京五条三坊十町跡・烏丸綾小路遺跡,Kyoto,土坑170,京S,15,2.3,不明,不明,（公財）京都市埋蔵文化財研究所2015,FALSE
348,KYe403,403,平安京左京五条三坊十町跡・烏丸綾小路遺跡,Kyoto,土坑170,京S,15.1,2.6,不明,不明,（公財）京都市埋蔵文化財研究所2015,FALSE
349,KYe404,404,平安京左京五条三坊十町跡・烏丸綾小路遺跡,Kyoto,土坑170,京S,15.3,2.5,不明,不明,（公財）京都市埋蔵文化財研究所2015,FALSE
350,KYe405,405,平安京左京五条三坊十町跡・烏丸綾小路遺跡,Kyoto,土坑170,京S,19.1,2.7,不明,不明,（公財）京都市埋蔵文化財研究所2015,TRUE
351,KYe406,406,平安京左京五条三坊十町跡・烏丸綾小路遺跡,Kyoto,土坑170,京N,6.6,1.4,不明,不明,（公財）京都市埋蔵文化財研究所2015,FALSE
352,KYe407,407,平安京左京五条三坊十町跡・烏丸綾小路遺跡,Kyoto,土坑170,京N,6.8,1.3,不明,不明,（公財）京都市埋蔵文化財研究所2015,FALSE
353,KYe408,408,平安京左京五条三坊十町跡・烏丸綾小路遺跡,Kyoto,土坑170,京N,7.4,1.5,不明,不明,（公財）京都市埋蔵文化財研究所2015,FALSE
354,KYe409,409,平安京左京五条三坊十町跡・烏丸綾小路遺跡,Kyoto,土坑170,京N,7.5,1.5,不明,不明,（公財）京都市埋蔵文化財研究所2015,FALSE
355,KYe410,410,平安京左京五条三坊十町跡・烏丸綾小路遺跡,Kyoto,土坑170,京N,7.6,1.5,不明,不明,（公財）京都市埋蔵文化財研究所2015,FALSE
356,KYe411,411,平安京左京五条三坊十町跡・烏丸綾小路遺跡,Kyoto,土坑170,京N,7.7,1.9,不明,不明,（公財）京都市埋蔵文化財研究所2015,FALSE
357,KYe412,412,平安京左京五条三坊十町跡・烏丸綾小路遺跡,Kyoto,土坑170,京N,7.8,1.8,不明,不明,（公財）京都市埋蔵文化財研究所2015,FALSE
358,KYe413,413,平安京左京五条三坊十町跡・烏丸綾小路遺跡,Kyoto,土坑170,京N,7.9,1.8,不明,不明,（公財）京都市埋蔵文化財研究所2015,FALSE
359,KYe414,414,平安京左京五条三坊十町跡・烏丸綾小路遺跡,Kyoto,土坑170,京N,8,1.7,不明,不明,（公財）京都市埋蔵文化財研究所2015,FALSE
360,KYf001,1,平安京左京五条三坊六町跡,Kyoto,SK499,京Sh,6.4,1.4,不明,不明,平尾2019,FALSE
361,KYf002,2,平安京左京五条三坊六町跡,Kyoto,SK499,京Sh,6.6,1.6,不明,不明,平尾2019,FALSE
362,KYf003,3,平安京左京五条三坊六町跡,Kyoto,SK499,京Sh,6.7,1.7,不明,不明,平尾2019,FALSE
363,KYf004,4,平安京左京五条三坊六町跡,Kyoto,SK499,京Sh,6.7,1.5,不明,不明,平尾2019,FALSE
364,KYf005,5,平安京左京五条三坊六町跡,Kyoto,SK499,京Sh,6.8,1.7,不明,不明,平尾2019,FALSE
365,KYf006,6,平安京左京五条三坊六町跡,Kyoto,SK499,京Sh,6.9,1.6,不明,不明,平尾2019,FALSE
366,KYf007,7,平安京左京五条三坊六町跡,Kyoto,SK499,京Sh,6.9,1.8,不明,不明,平尾2019,FALSE
367,KYf008,8,平安京左京五条三坊六町跡,Kyoto,SK499,京Sh,7.0,1.7,不明,不明,平尾2019,FALSE
368,KYf009,9,平安京左京五条三坊六町跡,Kyoto,SK499,京Sh,7.0,1.9,不明,不明,平尾2019,FALSE
369,KYf010,10,平安京左京五条三坊六町跡,Kyoto,SK499,京Sh,7.0,1.7,不明,不明,平尾2019,FALSE
370,KYf011,11,平安京左京五条三坊六町跡,Kyoto,SK499,京Sh,7.0,1.8,不明,不明,平尾2019,FALSE
371,KYf012,12,平安京左京五条三坊六町跡,Kyoto,SK499,京Sh,7.0,1.8,不明,不明,平尾2019,FALSE
372,KYf013,13,平安京左京五条三坊六町跡,Kyoto,SK499,京Sh,7.1,1.9,不明,不明,平尾2019,FALSE
373,KYf014,14,平安京左京五条三坊六町跡,Kyoto,SK499,京Sh,7.3,1.7,不明,不明,平尾2019,FALSE
374,KYf015,15,平安京左京五条三坊六町跡,Kyoto,SK499,京S,7.1,1.9,不明,不明,平尾2019,TRUE
375,KYf016,16,平安京左京五条三坊六町跡,Kyoto,SK499,京S,7.5,1.9,不明,不明,平尾2019,TRUE
376,KYf017,17,平安京左京五条三坊六町跡,Kyoto,SK499,京S,7.8,1.4,不明,不明,平尾2019,TRUE
377,KYf018,18,平安京左京五条三坊六町跡,Kyoto,SK499,京S,8.5,2.1,不明,不明,平尾2019,TRUE
378,KYf019,19,平安京左京五条三坊六町跡,Kyoto,SK499,京S,8.5,2.0,不明,不明,平尾2019,TRUE
379,KYf020,20,平安京左京五条三坊六町跡,Kyoto,SK499,京S,8.7,2.0,不明,不明,平尾2019,TRUE
380,KYf021,21,平安京左京五条三坊六町跡,Kyoto,SK499,京S,8.9,1.8,不明,不明,平尾2019,TRUE
381,KYf022,22,平安京左京五条三坊六町跡,Kyoto,SK499,京S,9.0,1.8,不明,不明,平尾2019,TRUE
382,KYf023,23,平安京左京五条三坊六町跡,Kyoto,SK499,京S,9.0,1.7,不明,不明,平尾2019,TRUE
383,KYf024,24,平安京左京五条三坊六町跡,Kyoto,SK499,京S,8.9,1.9,不明,不明,平尾2019,TRUE
384,KYf025,25,平安京左京五条三坊六町跡,Kyoto,SK499,京S,9.1,1.8,不明,不明,平尾2019,TRUE
385,KYf026,26,平安京左京五条三坊六町跡,Kyoto,SK499,京S,9.1,1.9,不明,不明,平尾2019,TRUE
386,KYf027,27,平安京左京五条三坊六町跡,Kyoto,SK499,京S,9.1,1.8,不明,不明,平尾2019,TRUE
387,KYf028,28,平安京左京五条三坊六町跡,Kyoto,SK499,京S,9.2,2.2,不明,不明,平尾2019,TRUE
388,KYf029,29,平安京左京五条三坊六町跡,Kyoto,SK499,京S,9.3,2.2,不明,不明,平尾2019,TRUE
389,KYf030,30,平安京左京五条三坊六町跡,Kyoto,SK499,京S,9.4,2.1,不明,不明,平尾2019,TRUE
390,KYf031,31,平安京左京五条三坊六町跡,Kyoto,SK499,京S,9.4,2.2,不明,不明,平尾2019,TRUE
391,KYf032,32,平安京左京五条三坊六町跡,Kyoto,SK499,京S,9.8,1.9,不明,不明,平尾2019,TRUE
392,KYf033,33,平安京左京五条三坊六町跡,Kyoto,SK499,京S,10.0,2.0,不明,不明,平尾2019,TRUE
393,KYf034,34,平安京左京五条三坊六町跡,Kyoto,SK499,京S,10.3,2.0,不明,不明,平尾2019,TRUE
394,KYf035,35,平安京左京五条三坊六町跡,Kyoto,SK499,京S,10.2,1.8,不明,不明,平尾2019,TRUE
395,KYf036,36,平安京左京五条三坊六町跡,Kyoto,SK499,京S,10.4,1.8,不明,不明,平尾2019,TRUE
396,KYf037,37,平安京左京五条三坊六町跡,Kyoto,SK499,京S,10.4,1.9,不明,不明,平尾2019,TRUE
397,KYf038,38,平安京左京五条三坊六町跡,Kyoto,SK499,京S,10.5,1.8,不明,不明,平尾2019,TRUE
398,KYf039,39,平安京左京五条三坊六町跡,Kyoto,SK499,京S,11.3,2.2,不明,不明,平尾2019,TRUE
399,KYf040,40,平安京左京五条三坊六町跡,Kyoto,SK499,京S,11.3,2.2,不明,不明,平尾2019,TRUE
400,KYf041,41,平安京左京五条三坊六町跡,Kyoto,SK499,京S,11.5,2.1,不明,不明,平尾2019,TRUE
401,KYf042,42,平安京左京五条三坊六町跡,Kyoto,SK499,京S,11.5,2.2,不明,不明,平尾2019,TRUE
402,KYf043,43,平安京左京五条三坊六町跡,Kyoto,SK499,京S,11.8,2.2,不明,不明,平尾2019,TRUE
403,KYf044,44,平安京左京五条三坊六町跡,Kyoto,SK499,京S,11.9,2.2,不明,不明,平尾2019,TRUE
404,KYf045,45,平安京左京五条三坊六町跡,Kyoto,SK499,京S,11.9,2.3,不明,不明,平尾2019,TRUE
405,KYf046,46,平安京左京五条三坊六町跡,Kyoto,SK499,京S,12.3,2.2,不明,不明,平尾2019,FALSE
406,KYf047,47,平安京左京五条三坊六町跡,Kyoto,SK499,京S,14.0,2.6,不明,不明,平尾2019,TRUE
407,KYf048,48,平安京左京五条三坊六町跡,Kyoto,SK499,京S,14.1,2.0,不明,不明,平尾2019,FALSE
408,KYf049,49,平安京左京五条三坊六町跡,Kyoto,SK499,京S,14.1,2.4,不明,不明,平尾2019,FALSE
409,KYf050,50,平安京左京五条三坊六町跡,Kyoto,SK499,京S,14.2,2.6,不明,不明,平尾2019,TRUE
410,KYf051,51,平安京左京五条三坊六町跡,Kyoto,SK499,京S,14.1,2.2,不明,不明,平尾2019,TRUE
411,KYf052,52,平安京左京五条三坊六町跡,Kyoto,SK499,京S,14.2,2.3,不明,不明,平尾2019,FALSE
412,KYf053,53,平安京左京五条三坊六町跡,Kyoto,SK499,京S,14.4,2.3,不明,不明,平尾2019,FALSE
413,KYf054,54,平安京左京五条三坊六町跡,Kyoto,SK499,京S,14.4,2.3,不明,不明,平尾2019,FALSE
414,KYf055,55,平安京左京五条三坊六町跡,Kyoto,SK499,京S,14.7,2.3,不明,不明,平尾2019,FALSE
415,KYf056,56,平安京左京五条三坊六町跡,Kyoto,SK499,京S,14.7,2.6,不明,不明,平尾2019,TRUE
416,KYf057,57,平安京左京五条三坊六町跡,Kyoto,SK499,京S,14.9,2.7,不明,不明,平尾2019,TRUE
417,KYf058,58,平安京左京五条三坊六町跡,Kyoto,SK499,京S,15.0,2.3,不明,不明,平尾2019,FALSE
418,KYf059,59,平安京左京五条三坊六町跡,Kyoto,SK499,京S,15.1,2.8,不明,不明,平尾2019,TRUE
419,KYf060,60,平安京左京五条三坊六町跡,Kyoto,SK499,京S,15.2,2.4,不明,不明,平尾2019,FALSE
420,KYf061,61,平安京左京五条三坊六町跡,Kyoto,SK499,京S,15.7,2.3,不明,不明,平尾2019,FALSE
421,KYf062,62,平安京左京五条三坊六町跡,Kyoto,SK499,京S,16.0,2.5,不明,不明,平尾2019,TRUE
422,KYf063,63,平安京左京五条三坊六町跡,Kyoto,SK499,京S,16.0,2.0,不明,不明,平尾2019,TRUE
423,KYf064,64,平安京左京五条三坊六町跡,Kyoto,SK499,京S,16.4,2.7,不明,不明,平尾2019,TRUE
424,KYf065,65,平安京左京五条三坊六町跡,Kyoto,SK499,京N,6.6,1.5,不明,不明,平尾2019,FALSE
425,KYf066,66,平安京左京五条三坊六町跡,Kyoto,SK499,京N,6.7,1.7,不明,不明,平尾2019,FALSE
426,KYf067,67,平安京左京五条三坊六町跡,Kyoto,SK499,京N,6.9,1.5,不明,不明,平尾2019,FALSE
427,KYf068,68,平安京左京五条三坊六町跡,Kyoto,SK499,京N,7.0,1.3,不明,不明,平尾2019,FALSE
428,KYf069,69,平安京左京五条三坊六町跡,Kyoto,SK499,京N,7.2,1.6,不明,不明,平尾2019,FALSE
429,KYf070,70,平安京左京五条三坊六町跡,Kyoto,SK499,京N,7.2,1.8,不明,不明,平尾2019,FALSE
430,KYf071,71,平安京左京五条三坊六町跡,Kyoto,SK499,京N,7.5,1.6,不明,不明,平尾2019,FALSE
431,KYf072,72,平安京左京五条三坊六町跡,Kyoto,SK499,京N,7.5,1.8,不明,不明,平尾2019,FALSE
432,KYf073,73,平安京左京五条三坊六町跡,Kyoto,SK499,京N,7.6,1.8,不明,不明,平尾2019,FALSE
433,KYf074,74,平安京左京五条三坊六町跡,Kyoto,SK499,京N,7.8,1.5,不明,不明,平尾2019,FALSE
434,KYf075,75,平安京左京五条三坊六町跡,Kyoto,SK499,京N,8.5,1.6,不明,不明,平尾2019,FALSE
435,KYf076,76,平安京左京五条三坊六町跡,Kyoto,SK499,京N,8.3,1.7,不明,不明,平尾2019,FALSE
436,KYf077,77,平安京左京五条三坊六町跡,Kyoto,SK499,京N,8.5,1.9,不明,不明,平尾2019,FALSE
437,KYf078,78,平安京左京五条三坊六町跡,Kyoto,SK499,京N,9.4,1.8,不明,不明,平尾2019,FALSE
438,KYf079,79,平安京左京五条三坊六町跡,Kyoto,SK499,京N,9.8,2.3,不明,不明,平尾2019,FALSE
439,KYf080,80,平安京左京五条三坊六町跡,Kyoto,SK499,京N,10.1,1.9,不明,不明,平尾2019,FALSE
440,KYg001,1,平安京左京六条二坊五町跡・猪熊殿跡・本圀寺跡,Kyoto,SD166上層,京N,6.3,1.6,不明,不明,平尾2019,FALSE
441,KYg002,2,平安京左京六条二坊五町跡・猪熊殿跡・本圀寺跡,Kyoto,SD166上層,京N,6.4,1.8,不明,不明,平尾2019,FALSE
442,KYg003,3,平安京左京六条二坊五町跡・猪熊殿跡・本圀寺跡,Kyoto,SD166上層,京N,6.6,1.6,不明,不明,平尾2019,FALSE
443,KYg004,4,平安京左京六条二坊五町跡・猪熊殿跡・本圀寺跡,Kyoto,SD166上層,京N,7.3,1.4,不明,不明,平尾2019,FALSE
444,KYg005,5,平安京左京六条二坊五町跡・猪熊殿跡・本圀寺跡,Kyoto,SD166上層,京Sb,8.6,1.7,不明,不明,平尾2019,TRUE
445,KYg006,6,平安京左京六条二坊五町跡・猪熊殿跡・本圀寺跡,Kyoto,SD166上層,京Sb,8.8,1.8,不明,不明,平尾2019,TRUE
446,KYg007,7,平安京左京六条二坊五町跡・猪熊殿跡・本圀寺跡,Kyoto,SD166上層,京Sb,8.9,1.9,不明,不明,平尾2019,TRUE
447,KYg008,8,平安京左京六条二坊五町跡・猪熊殿跡・本圀寺跡,Kyoto,SD166上層,京Sb,8.9,1.8,不明,不明,平尾2019,TRUE
448,KYg009,9,平安京左京六条二坊五町跡・猪熊殿跡・本圀寺跡,Kyoto,SD166上層,京Sb,8.3,1.8,不明,不明,平尾2019,TRUE
449,KYg010,10,平安京左京六条二坊五町跡・猪熊殿跡・本圀寺跡,Kyoto,SD166上層,京Sb,8.5,1.7,不明,不明,平尾2019,TRUE
450,KYg011,11,平安京左京六条二坊五町跡・猪熊殿跡・本圀寺跡,Kyoto,SD166上層,京Sb,8.7,1.7,不明,不明,平尾2019,TRUE
451,KYg012,12,平安京左京六条二坊五町跡・猪熊殿跡・本圀寺跡,Kyoto,SD166上層,京Sb,8.7,2.0,不明,不明,平尾2019,TRUE
452,KYg013,13,平安京左京六条二坊五町跡・猪熊殿跡・本圀寺跡,Kyoto,SD166上層,京S,8.8,1.7,不明,不明,平尾2019,TRUE
453,KYg014,14,平安京左京六条二坊五町跡・猪熊殿跡・本圀寺跡,Kyoto,SD166上層,京S,8.9,1.7,不明,不明,平尾2019,TRUE
454,KYg015,15,平安京左京六条二坊五町跡・猪熊殿跡・本圀寺跡,Kyoto,SD166上層,京S,9.0,1.8,不明,不明,平尾2019,TRUE
455,KYg016,16,平安京左京六条二坊五町跡・猪熊殿跡・本圀寺跡,Kyoto,SD166上層,京S,9.2,1.8,不明,不明,平尾2019,TRUE
456,KYg017,17,平安京左京六条二坊五町跡・猪熊殿跡・本圀寺跡,Kyoto,SD166上層,京S,9.4,1.9,不明,不明,平尾2019,TRUE
457,KYg018,18,平安京左京六条二坊五町跡・猪熊殿跡・本圀寺跡,Kyoto,SD166上層,京S,9.7,2.0,不明,不明,平尾2019,TRUE
458,KYg019,19,平安京左京六条二坊五町跡・猪熊殿跡・本圀寺跡,Kyoto,SD166上層,京S,9.8,1.9,不明,不明,平尾2019,TRUE
459,KYg020,20,平安京左京六条二坊五町跡・猪熊殿跡・本圀寺跡,Kyoto,SD166上層,京S,9.9,2.1,不明,不明,平尾2019,TRUE
460,KYg021,21,平安京左京六条二坊五町跡・猪熊殿跡・本圀寺跡,Kyoto,SD166上層,京S,10.0,2.2,不明,不明,平尾2019,TRUE
461,KYg022,22,平安京左京六条二坊五町跡・猪熊殿跡・本圀寺跡,Kyoto,SD166上層,京S,10.2,2.0,不明,不明,平尾2019,TRUE
462,KYg023,23,平安京左京六条二坊五町跡・猪熊殿跡・本圀寺跡,Kyoto,SD166上層,京S,10.3,2.0,不明,不明,平尾2019,TRUE
463,KYg024,24,平安京左京六条二坊五町跡・猪熊殿跡・本圀寺跡,Kyoto,SD166上層,京S,10.3,2.0,不明,不明,平尾2019,TRUE
464,KYg025,25,平安京左京六条二坊五町跡・猪熊殿跡・本圀寺跡,Kyoto,SD166上層,京S,10.4,2.1,不明,不明,平尾2019,TRUE
465,KYg026,26,平安京左京六条二坊五町跡・猪熊殿跡・本圀寺跡,Kyoto,SD166上層,京S,10.4,2.0,不明,不明,平尾2019,TRUE
466,KYg027,27,平安京左京六条二坊五町跡・猪熊殿跡・本圀寺跡,Kyoto,SD166上層,京S,10.5,2.1,不明,不明,平尾2019,FALSE
467,KYg028,28,平安京左京六条二坊五町跡・猪熊殿跡・本圀寺跡,Kyoto,SD166上層,京S,13.1,1.9,不明,不明,平尾2019,FALSE
468,KYg029,29,平安京左京六条二坊五町跡・猪熊殿跡・本圀寺跡,Kyoto,SD166上層,京S,13.3,1.9,不明,不明,平尾2019,FALSE
469,KYg030,30,平安京左京六条二坊五町跡・猪熊殿跡・本圀寺跡,Kyoto,SD166上層,京S,14.0,2.5,不明,不明,平尾2019,FALSE
470,KYg031,31,平安京左京六条二坊五町跡・猪熊殿跡・本圀寺跡,Kyoto,SD166上層,京S,12.1,2.0,不明,不明,平尾2019,TRUE
471,KYg032,32,平安京左京六条二坊五町跡・猪熊殿跡・本圀寺跡,Kyoto,SD166上層,京S,12.2,2.1,不明,不明,平尾2019,TRUE
472,KYg033,33,平安京左京六条二坊五町跡・猪熊殿跡・本圀寺跡,Kyoto,SD166上層,京S,12.2,1.8,不明,不明,平尾2019,TRUE
473,KYg034,34,平安京左京六条二坊五町跡・猪熊殿跡・本圀寺跡,Kyoto,SD166上層,京S,13.1,2.0,不明,不明,平尾2019,FALSE
474,KYg035,35,平安京左京六条二坊五町跡・猪熊殿跡・本圀寺跡,Kyoto,SD166上層,京S,13.4,2.3,不明,不明,平尾2019,FALSE
475,KYg036,36,平安京左京六条二坊五町跡・猪熊殿跡・本圀寺跡,Kyoto,SD166上層,京S,15.5,2.4,不明,不明,平尾2019,FALSE
476,KYg037,37,平安京左京六条二坊五町跡・猪熊殿跡・本圀寺跡,Kyoto,SD166上層,京S,12.3,2.1,不明,不明,平尾2019,TRUE
477,KYg038,38,平安京左京六条二坊五町跡・猪熊殿跡・本圀寺跡,Kyoto,SD166上層,京S,12.4,1.9,不明,不明,平尾2019,TRUE
478,KYg039,39,平安京左京六条二坊五町跡・猪熊殿跡・本圀寺跡,Kyoto,SD166上層,京S,12.4,1.9,不明,不明,平尾2019,TRUE
479,KYg040,40,平安京左京六条二坊五町跡・猪熊殿跡・本圀寺跡,Kyoto,SD166上層,京S,13.2,2.2,不明,不明,平尾2019,FALSE
480,KYg041,41,平安京左京六条二坊五町跡・猪熊殿跡・本圀寺跡,Kyoto,SD166上層,京S,13.7,2.1,不明,不明,平尾2019,FALSE
481,KYg042,42,平安京左京六条二坊五町跡・猪熊殿跡・本圀寺跡,Kyoto,SD166上層,京S,15.7,2.4,不明,不明,平尾2019,FALSE
482,KYg043,43,平安京左京六条二坊五町跡・猪熊殿跡・本圀寺跡,Kyoto,SD166上層,,6.2,1.4,不明,不明,平尾2019,FALSE
483,KYg044,44,平安京左京六条二坊五町跡・猪熊殿跡・本圀寺跡,Kyoto,SD166上層,京Sbh,8.7,1.9,不明,不明,平尾2019,FALSE
484,KYg045,45,平安京左京六条二坊五町跡・猪熊殿跡・本圀寺跡,Kyoto,SD166上層,京Sbh,9.3,1.9,不明,不明,平尾2019,FALSE
485,KYg046,46,平安京左京六条二坊五町跡・猪熊殿跡・本圀寺跡,Kyoto,SD166上層,京Sbh,9.4,1.9,不明,不明,平尾2019,FALSE
486,KYg047,47,平安京左京六条二坊五町跡・猪熊殿跡・本圀寺跡,Kyoto,SD166上層,京Sbh,9.5,2.0,不明,不明,平尾2019,FALSE
487,KYg048,48,平安京左京六条二坊五町跡・猪熊殿跡・本圀寺跡,Kyoto,SD166上層,京Sbh,9.6,2.0,不明,不明,平尾2019,FALSE
488,KYg049,49,平安京左京六条二坊五町跡・猪熊殿跡・本圀寺跡,Kyoto,SD166上層,京Sbh,9.7,2.0,不明,不明,平尾2019,FALSE
489,KYg050,50,平安京左京六条二坊五町跡・猪熊殿跡・本圀寺跡,Kyoto,SD166上層,京Sbh,9.8,1.9,不明,不明,平尾2019,FALSE
490,KYg051,51,平安京左京六条二坊五町跡・猪熊殿跡・本圀寺跡,Kyoto,SD166上層,京Sbh,9.9,1.9,不明,不明,平尾2019,FALSE
491,KYh046,46,山科本願寺跡,Kyoto,土坑2134,,6.4,,不明,不明,京都市文化市民局2012,FALSE
492,KYh047,47,山科本願寺跡,Kyoto,土坑2134,,7.6,,不明,不明,京都市文化市民局2012,FALSE
493,KYh048,48,山科本願寺跡,Kyoto,土坑2134,,8.4,,不明,不明,京都市文化市民局2012,FALSE
494,KYh049,49,山科本願寺跡,Kyoto,土坑2134,,8.8,,不明,不明,京都市文化市民局2012,FALSE
495,KYh050,50,山科本願寺跡,Kyoto,土坑2134,,9.6,,不明,不明,京都市文化市民局2012,FALSE
496,KYh051,51,山科本願寺跡,Kyoto,土坑2134,京Sbh,6.0,1.3,不明,不明,京都市文化市民局2012,FALSE
497,KYh052,52,山科本願寺跡,Kyoto,土坑2134,京Sb,8.8,1.8,不明,不明,京都市文化市民局2012,TRUE
498,KYh053,53,山科本願寺跡,Kyoto,土坑2134,京Sb,8.8,1.6,不明,不明,京都市文化市民局2012,FALSE
499,KYh054,54,山科本願寺跡,Kyoto,土坑2134,京Sb,8.8,1.4,不明,不明,京都市文化市民局2012,FALSE
500,KYh055,55,山科本願寺跡,Kyoto,土坑2134,京Sb,8.8,1.9,不明,不明,京都市文化市民局2012,FALSE
501,KYh056,56,山科本願寺跡,Kyoto,土坑2134,京Sb,9.0,1.6,不明,不明,京都市文化市民局2012,TRUE
502,KYh057,57,山科本願寺跡,Kyoto,土坑2134,京Sb,9.0,1.5,不明,不明,京都市文化市民局2012,TRUE
503,KYh058,58,山科本願寺跡,Kyoto,土坑2134,京Sb,9.0,1.6,不明,不明,京都市文化市民局2012,FALSE
504,KYh059,59,山科本願寺跡,Kyoto,土坑2134,京Sb,9.0,1.7,不明,不明,京都市文化市民局2012,FALSE
505,KYh060,60,山科本願寺跡,Kyoto,土坑2134,京Sb,9.1,1.6,不明,不明,京都市文化市民局2012,TRUE
506,KYh061,61,山科本願寺跡,Kyoto,土坑2134,京Sb,9.2,1.6,不明,不明,京都市文化市民局2012,TRUE
507,KYh062,62,山科本願寺跡,Kyoto,土坑2134,京Sb,9.2,1.7,不明,不明,京都市文化市民局2012,FALSE
508,KYh063,63,山科本願寺跡,Kyoto,土坑2134,京Sb,9.2,1.7,不明,不明,京都市文化市民局2012,TRUE
509,KYh064,64,山科本願寺跡,Kyoto,土坑2134,京Sb,9.2,1.9,不明,不明,京都市文化市民局2012,TRUE
510,KYh065,65,山科本願寺跡,Kyoto,土坑2134,京Sb,9.2,1.9,不明,不明,京都市文化市民局2012,TRUE
511,KYh066,66,山科本願寺跡,Kyoto,土坑2134,京Sb,9.4,1.9,不明,不明,京都市文化市民局2012,TRUE
512,KYh067,67,山科本願寺跡,Kyoto,土坑2134,京Sb,9.4,1.7,不明,不明,京都市文化市民局2012,FALSE
513,KYh068,68,山科本願寺跡,Kyoto,土坑2134,京Sb,9.4,1.8,不明,不明,京都市文化市民局2012,TRUE
514,KYh069,69,山科本願寺跡,Kyoto,土坑2134,京Sb,9.4,1.7,不明,不明,京都市文化市民局2012,TRUE
515,KYh070,70,山科本願寺跡,Kyoto,土坑2134,京Sb,9.4,1.8,不明,不明,京都市文化市民局2012,TRUE
516,KYh071,71,山科本願寺跡,Kyoto,土坑2134,京Sb,9.6,2.0,不明,不明,京都市文化市民局2012,TRUE
517,KYh072,72,山科本願寺跡,Kyoto,土坑2134,京Sb,9.6,1.5,不明,不明,京都市文化市民局2012,TRUE
518,KYh073,73,山科本願寺跡,Kyoto,土坑2134,京Sb,9.6,1.9,不明,不明,京都市文化市民局2012,FALSE
519,KYh074,74,山科本願寺跡,Kyoto,土坑2134,京Sb,9.6,1.7,不明,不明,京都市文化市民局2012,TRUE
520,KYh075,75,山科本願寺跡,Kyoto,土坑2134,京Sb,9.8,1.9,不明,不明,京都市文化市民局2012,TRUE
521,KYh076,76,山科本願寺跡,Kyoto,土坑2134,京S,10.0,1.8,不明,不明,京都市文化市民局2012,FALSE
522,KYh077,77,山科本願寺跡,Kyoto,土坑2134,京S,10.6,1.9,不明,不明,京都市文化市民局2012,TRUE
523,KYh078,78,山科本願寺跡,Kyoto,土坑2134,京S,10.8,1.7,不明,不明,京都市文化市民局2012,FALSE
524,KYh079,79,山科本願寺跡,Kyoto,土坑2134,京S,11.0,1.8,不明,不明,京都市文化市民局2012,TRUE
525,KYh080,80,山科本願寺跡,Kyoto,土坑2134,京S,11.0,2.0,不明,不明,京都市文化市民局2012,TRUE
526,KYh081,81,山科本願寺跡,Kyoto,土坑2134,京S,11.0,1.9,不明,不明,京都市文化市民局2012,TRUE
527,KYh082,82,山科本願寺跡,Kyoto,土坑2134,京S,11.2,1.9,不明,不明,京都市文化市民局2012,TRUE
528,KYh083,83,山科本願寺跡,Kyoto,土坑2134,京S,11.2,2.0,不明,不明,京都市文化市民局2012,TRUE
529,KYh084,84,山科本願寺跡,Kyoto,土坑2134,京S,11.4,2.1,不明,不明,京都市文化市民局2012,TRUE
530,KYh085,85,山科本願寺跡,Kyoto,土坑2134,京S,11.4,1.8,不明,不明,京都市文化市民局2012,TRUE
531,KYh086,86,山科本願寺跡,Kyoto,土坑2134,京S,11.4,1.9,不明,不明,京都市文化市民局2012,TRUE
532,KYh087,87,山科本願寺跡,Kyoto,土坑2134,京S,12.2,2.0,不明,不明,京都市文化市民局2012,TRUE
533,KYh088,88,山科本願寺跡,Kyoto,土坑2134,京S,12.4,1.9,不明,不明,京都市文化市民局2012,TRUE
534,KYh089,89,山科本願寺跡,Kyoto,土坑2134,京S,12.8,2.1,不明,不明,京都市文化市民局2012,TRUE
535,KYh090,90,山科本願寺跡,Kyoto,土坑2134,京S,12.8,1.9,不明,不明,京都市文化市民局2012,TRUE
536,KYh091,91,山科本願寺跡,Kyoto,土坑2134,京S,12.8,2.2,不明,不明,京都市文化市民局2012,TRUE
537,KYh092,92,山科本願寺跡,Kyoto,土坑2134,京S,12.9,2.1,不明,不明,京都市文化市民局2012,TRUE
538,KYh093,93,山科本願寺跡,Kyoto,土坑2134,京S,13.0,1.8,不明,不明,京都市文化市民局2012,TRUE
539,KYh094,94,山科本願寺跡,Kyoto,土坑2134,京S,13.0,1.8,不明,不明,京都市文化市民局2012,FALSE
540,KYh095,95,山科本願寺跡,Kyoto,土坑2134,京S,13.1,2.1,不明,不明,京都市文化市民局2012,TRUE
541,KYh096,96,山科本願寺跡,Kyoto,土坑2134,京S,13.4,2.1,不明,不明,京都市文化市民局2012,TRUE
542,KYh097,97,山科本願寺跡,Kyoto,土坑2134,京S,13.6,2.2,不明,不明,京都市文化市民局2012,FALSE
543,KYh098,98,山科本願寺跡,Kyoto,土坑2134,京S,14.0,1.8,不明,不明,京都市文化市民局2012,FALSE
544,KYh099,99,山科本願寺跡,Kyoto,土坑2134,京S,14.0,2.1,不明,不明,京都市文化市民局2012,TRUE
545,KYh100,100,山科本願寺跡,Kyoto,土坑2134,京S,14.0,1.9,不明,不明,京都市文化市民局2012,FALSE
546,KYh101,101,山科本願寺跡,Kyoto,土坑2134,京S,14.0,1.9,不明,不明,京都市文化市民局2012,TRUE
547,KYh102,102,山科本願寺跡,Kyoto,土坑2134,京S,14.0,2.4,不明,不明,京都市文化市民局2012,FALSE
548,KYh103,103,山科本願寺跡,Kyoto,土坑2134,京S,14.0,2.0,不明,不明,京都市文化市民局2012,FALSE
549,KYh104,104,山科本願寺跡,Kyoto,土坑2134,京S,14.2,2.1,不明,不明,京都市文化市民局2012,TRUE
550,KYh105,105,山科本願寺跡,Kyoto,土坑2134,京S,14.2,2.1,不明,不明,京都市文化市民局2012,TRUE
551,KYh106,106,山科本願寺跡,Kyoto,土坑2134,京S,14.4,2.2,不明,不明,京都市文化市民局2012,TRUE
552,KYh107,107,山科本願寺跡,Kyoto,土坑2134,京S,14.4,2.3,不明,不明,京都市文化市民局2012,TRUE
553,KYh108,108,山科本願寺跡,Kyoto,土坑2134,京S,14.4,1.8,不明,不明,京都市文化市民局2012,FALSE
554,KYh109,109,山科本願寺跡,Kyoto,土坑2134,京S,14.4,2.1,不明,不明,京都市文化市民局2012,FALSE
555,KYh110,110,山科本願寺跡,Kyoto,土坑2134,京S,14.6,1.9,不明,不明,京都市文化市民局2012,FALSE
556,TYa4428,4428,石名田木舟遺跡,Toyama,SD7003,,7.2,2.6,,,（財）富山県文化振興財団2002,FALSE
557,TYa4429,4429,石名田木舟遺跡,Toyama,SD7003,,9.4,2.1,,,（財）富山県文化振興財団2002,FALSE
558,TYa4430,4430,石名田木舟遺跡,Toyama,SD7003,,11.3,1.8,,,（財）富山県文化振興財団2002,FALSE
559,TYa4431,4431,石名田木舟遺跡,Toyama,SD7003,,7.2,2,,,（財）富山県文化振興財団2002,FALSE
560,TYa4432,4432,石名田木舟遺跡,Toyama,SD7003,,7.4,1.7,,,（財）富山県文化振興財団2002,FALSE
561,TYa4433,4433,石名田木舟遺跡,Toyama,SD7003,,7.9,1.7,,,（財）富山県文化振興財団2002,FALSE
562,TYa4434,4434,石名田木舟遺跡,Toyama,SD7003,,8.4,2.2,,,（財）富山県文化振興財団2002,FALSE
563,TYa4435,4435,石名田木舟遺跡,Toyama,SD7003,,8.8,1.9,,,（財）富山県文化振興財団2002,FALSE
564,TYa4436,4436,石名田木舟遺跡,Toyama,SD7003,,8,1.3,,,（財）富山県文化振興財団2002,FALSE
565,TYa4437,4437,石名田木舟遺跡,Toyama,SD7003,,8.8,1.6,,,（財）富山県文化振興財団2002,FALSE
566,TYa4438,4438,石名田木舟遺跡,Toyama,SD7003,,8,1.8,,,（財）富山県文化振興財団2002,FALSE
567,TYa4439,4439,石名田木舟遺跡,Toyama,SD7003,,7.6,1.9,,,（財）富山県文化振興財団2002,FALSE
568,TYa4440,4440,石名田木舟遺跡,Toyama,SD7003,,8.1,1.9,,,（財）富山県文化振興財団2002,FALSE
569,TYa4441,4441,石名田木舟遺跡,Toyama,SD7003,,8,1.8,,,（財）富山県文化振興財団2002,FALSE
570,TYa4442,4442,石名田木舟遺跡,Toyama,SD7003,,7.6,1.9,,,（財）富山県文化振興財団2002,FALSE
571,TYa4443,4443,石名田木舟遺跡,Toyama,SD7003,,8.1,1.8,,,（財）富山県文化振興財団2002,FALSE
572,TYa4444,4444,石名田木舟遺跡,Toyama,SD7003,,8.1,2.1,,,（財）富山県文化振興財団2002,FALSE
573,TYa4445,4445,石名田木舟遺跡,Toyama,SD7003,,8.7,2.2,,,（財）富山県文化振興財団2002,FALSE
574,TYa4446,4446,石名田木舟遺跡,Toyama,SD7003,,7.9,1.8,,,（財）富山県文化振興財団2002,FALSE
575,TYa4447,4447,石名田木舟遺跡,Toyama,SD7003,TI,8.5,1.8,体部：の字ナデ→見込：指ナデ→口縁：横ナデ,口縁：横ナデ,（財）富山県文化振興財団2002,TRUE
576,TYa4448,4448,石名田木舟遺跡,Toyama,SD7003,TI,8.8,1.7,不明,口縁：横ナデ,（財）富山県文化振興財団2002,TRUE
577,TYa4449,4449,石名田木舟遺跡,Toyama,SD7003,TI,8.4,1.8,体部：の字ナデ→見込：指ナデ→口縁：横ナデ,口縁：横ナデ,（財）富山県文化振興財団2002,TRUE
578,TYa4450,4450,石名田木舟遺跡,Toyama,SD7003,TI,9,1.8,見込：一方向ナデ→体部：不明→口縁：横ナデ,口縁：横ナデ,（財）富山県文化振興財団2002,TRUE
579,TYa4451,4451,石名田木舟遺跡,Toyama,SD7003,TI,8.6,1.9,体部：の字ナデ→見込：指ナデ→口縁：横ナデ,口縁：横ナデ,（財）富山県文化振興財団2002,TRUE
580,TYa4452,4452,石名田木舟遺跡,Toyama,SD7003,TI,8.4,1.7,体部：横ナデ（不明）→見込：指ナデ→口縁：横ナデ,口縁：横ナデ,（財）富山県文化振興財団2002,TRUE
581,TYa4453,4453,石名田木舟遺跡,Toyama,SD7003,TI,8.6,1.8,体部：の字ナデ→見込：指ナデ→口縁：横ナデ,口縁：横ナデ,（財）富山県文化振興財団2002,TRUE
582,TYa4454,4454,石名田木舟遺跡,Toyama,SD7003,TI,9.1,2,体部：の字ナデ→見込：指ナデ→口縁：横ナデ,口縁：横ナデ,（財）富山県文化振興財団2002,TRUE
583,TYa4455,4455,石名田木舟遺跡,Toyama,SD7003,TI,9.4,2.1,体部：の字ナデ→見込：指ナデ→口縁：横ナデ,口縁：横ナデ,（財）富山県文化振興財団2002,TRUE
584,TYa4456,4456,石名田木舟遺跡,Toyama,SD7003,TI,9.3,1.8,体部：横ナデ（不明）→見込：指ナデ→口縁：横ナデ,口縁：横ナデ,（財）富山県文化振興財団2002,TRUE
585,TYa4457,4457,石名田木舟遺跡,Toyama,SD7003,TI,9.4,1.9,体部：不明→見込：不明→口縁：不明,口縁：横ナデ,（財）富山県文化振興財団2002,TRUE
586,TYa4458,4458,石名田木舟遺跡,Toyama,SD7003,TI,9,2,体部：横ナデ（不明）→見込：指ナデ→口縁：横ナデ,口縁：横ナデ,（財）富山県文化振興財団2002,TRUE
587,TYa4459,4459,石名田木舟遺跡,Toyama,SD7003,TI,8.2,1.8,体部：の字ナデ→見込：指ナデ→口縁：横ナデ,口縁：横ナデ,（財）富山県文化振興財団2002,TRUE
588,TYa4460,4460,石名田木舟遺跡,Toyama,SD7003,TI,8.2,1.8,見込：指ナデ→体部：の字ナデ→口縁：横ナデ,口縁：横ナデ,（財）富山県文化振興財団2002,TRUE
589,TYa4461,4461,石名田木舟遺跡,Toyama,SD7003,TI,8.5,1.9,体部：横ナデ（不明）→見込：指ナデ→口縁：横ナデ,口縁：横ナデ,（財）富山県文化振興財団2002,TRUE
590,TYa4462,4462,石名田木舟遺跡,Toyama,SD7003,TI,8.5,1.9,体部：の字ナデ→見込：指ナデ→口縁：横ナデ,口縁：横ナデ,（財）富山県文化振興財団2002,TRUE
591,TYa4463,4463,石名田木舟遺跡,Toyama,SD7003,TI,8.5,1.9,体部：横ナデ（不明）→見込：指ナデ→口縁：横ナデ,口縁：横ナデ,（財）富山県文化振興財団2002,TRUE
592,TYa4464,4464,石名田木舟遺跡,Toyama,SD7003,TI,8.5,1.8,体部：の字ナデ→見込：指ナデ→口縁：横ナデ,口縁：横ナデ,（財）富山県文化振興財団2002,TRUE
593,TYa4465,4465,石名田木舟遺跡,Toyama,SD7003,TI,8.5,1.8,体部：の字ナデ→見込：指ナデ→口縁：横ナデ,口縁：横ナデ,（財）富山県文化振興財団2002,TRUE
594,TYa4466,4466,石名田木舟遺跡,Toyama,SD7003,TI,8.6,1.8,体部：横ナデ（不明）→見込：指ナデ→口縁：横ナデ,口縁：横ナデ,（財）富山県文化振興財団2002,TRUE
595,TYa4467,4467,石名田木舟遺跡,Toyama,SD7003,TI,9,1.9,体部：横ナデ（不明）→見込：指ナデ→口縁：横ナデ,口縁：横ナデ,（財）富山県文化振興財団2002,TRUE
596,TYa4468,4468,石名田木舟遺跡,Toyama,SD7003,TI,8.6,1.7,体部：横ナデ（不明）→見込：指ナデ→口縁：横ナデ,口縁：横ナデ,（財）富山県文化振興財団2002,TRUE
597,TYa4469,4469,石名田木舟遺跡,Toyama,SD7003,TI,8.4,1.9,体部：横ナデ（不明）→見込：指ナデ→口縁：横ナデ,口縁：横ナデ,（財）富山県文化振興財団2002,TRUE
598,TYa4470,4470,石名田木舟遺跡,Toyama,SD7003,TI,8.7,1.8,体部：横ナデ（不明）→見込：指ナデ→口縁：横ナデ,口縁：横ナデ,（財）富山県文化振興財団2002,TRUE
599,TYa4471,4471,石名田木舟遺跡,Toyama,SD7003,TI,8.5,2,体部：の字ナデ→見込：指ナデ→口縁：横ナデ,口縁：横ナデ,（財）富山県文化振興財団2002,TRUE
600,TYa4472,4472,石名田木舟遺跡,Toyama,SD7003,TI,9.2,1.9,体部：の字ナデ→見込：指ナデ→口縁：横ナデ,口縁：横ナデ,（財）富山県文化振興財団2002,TRUE
601,TYa4473,4473,石名田木舟遺跡,Toyama,SD7003,TI,8.5,1.9,体部：横ナデ（不明）→見込：指ナデ→口縁：横ナデ,口縁：横ナデ,（財）富山県文化振興財団2002,TRUE
602,TYa4474,4474,石名田木舟遺跡,Toyama,SD7003,TI,8.3,2,体部：横ナデ（不明）→見込：不明→口縁：横ナデ,口縁：横ナデ,（財）富山県文化振興財団2002,TRUE
603,TYa4475,4475,石名田木舟遺跡,Toyama,SD7003,TI,8.5,1.9,体部：の字ナデ→見込：指ナデ→口縁：横ナデ,口縁：横ナデ,（財）富山県文化振興財団2002,TRUE
604,TYa4476,4476,石名田木舟遺跡,Toyama,SD7003,TI,8.3,2,体部：横ナデ（不明）→見込：指ナデ→口縁：横ナデ,口縁：横ナデ,（財）富山県文化振興財団2002,TRUE
605,TYa4477,4477,石名田木舟遺跡,Toyama,SD7003,TI,8.7,1.8,体部：横ナデ（不明）→見込：指ナデ→口縁：横ナデ,口縁：横ナデ,（財）富山県文化振興財団2002,TRUE
606,TYa4478,4478,石名田木舟遺跡,Toyama,SD7003,TI,8.6,1.7,体部：横ナデ（不明）→見込：指ナデ→口縁：横ナデ,口縁：横ナデ,（財）富山県文化振興財団2002,TRUE
607,TYa4479,4479,石名田木舟遺跡,Toyama,SD7003,TI,8.8,1.9,体部：の字ナデ→見込：指ナデ→口縁：横ナデ,口縁：横ナデ,（財）富山県文化振興財団2002,TRUE
608,TYa4480,4480,石名田木舟遺跡,Toyama,SD7003,,8.9,1.9,体部：横ナデ（不明）→見込：不明→口縁：横ナデ,口縁：横ナデ,（財）富山県文化振興財団2002,TRUE
609,TYa4481,4481,石名田木舟遺跡,Toyama,SD7003,,8.6,NA,体部：2字ナデ（？）→見込：不明→口縁：横ナデ,口縁：横ナデ,（財）富山県文化振興財団2002,TRUE
610,TYa4482,4482,石名田木舟遺跡,Toyama,SD7003,TI,8.4,1.9,体部：横ナデ（不明）→見込：指ナデ→口縁：横ナデ,口縁：横ナデ,（財）富山県文化振興財団2002,TRUE
611,TYa4483,4483,石名田木舟遺跡,Toyama,SD7003,TI,8.8,1.8,体部：2字ナデ（？）→見込：指ナデ→口縁：横ナデ,口縁：横ナデ,（財）富山県文化振興財団2002,TRUE
612,TYa4484,4484,石名田木舟遺跡,Toyama,SD7003,TI,8.7,1.9,体部：横ナデ（不明）→見込：指ナデ→口縁：横ナデ,口縁：横ナデ,（財）富山県文化振興財団2002,TRUE
613,TYa4485,4485,石名田木舟遺跡,Toyama,SD7003,TI,8.4,1.6,体部：横ナデ（不明）→見込：不明→口縁：横ナデ,口縁：横ナデ,（財）富山県文化振興財団2002,TRUE
614,TYa4486,4486,石名田木舟遺跡,Toyama,SD7003,TI,8.8,1.8,体部：横ナデ（不明）→見込：指ナデ→口縁：横ナデ,口縁：横ナデ,（財）富山県文化振興財団2002,TRUE
615,TYa4487,4487,石名田木舟遺跡,Toyama,SD7003,TI,8.3,1.6,体部：の字ナデ→見込：指ナデ→口縁：横ナデ,口縁：横ナデ,（財）富山県文化振興財団2002,TRUE
616,TYa4488,4488,石名田木舟遺跡,Toyama,SD7003,,9.3,1.9,体部：横ナデ（不明）→見込：指ナデ→口縁：横ナデ,口縁：横ナデ,（財）富山県文化振興財団2002,FALSE
617,TYa4489,4489,石名田木舟遺跡,Toyama,SD7003,,8.6,1.8,体部：の字ナデ→見込：指ナデ→口縁：横ナデ,口縁：横ナデ,（財）富山県文化振興財団2002,FALSE
618,TYa4490,4490,石名田木舟遺跡,Toyama,SD7003,TI,8.5,1.9,体部：横ナデ（不明）→見込：指ナデ→口縁：横ナデ,口縁：横ナデ,（財）富山県文化振興財団2002,TRUE
619,TYa4491,4491,石名田木舟遺跡,Toyama,SD7003,TI,8.5,1.6,体部：2字ナデ（？）→見込：指ナデ→口縁：横ナデ,口縁：横ナデ,（財）富山県文化振興財団2002,TRUE
620,TYa4492,4492,石名田木舟遺跡,Toyama,SD7003,TI,9.1,1.9,体部：の字ナデ→見込：指ナデ→口縁：横ナデ,口縁：横ナデ,（財）富山県文化振興財団2002,TRUE
621,TYa4493,4493,石名田木舟遺跡,Toyama,SD7003,TI,9,2.1,体部：横ナデ（不明）→見込：指ナデ→口縁：横ナデ,口縁：横ナデ,（財）富山県文化振興財団2002,TRUE
622,TYa4494,4494,石名田木舟遺跡,Toyama,SD7003,TI,8.7,1.9,体部：横ナデ（不明）→見込：指ナデ→口縁：横ナデ,口縁：横ナデ,（財）富山県文化振興財団2002,TRUE
623,TYa4495,4495,石名田木舟遺跡,Toyama,SD7003,TI,9.1,2,見込：一方向ナデ→体部：の字ナデ→口縁：横ナデ,口縁：横ナデ,（財）富山県文化振興財団2002,TRUE
624,TYa4496,4496,石名田木舟遺跡,Toyama,SD7003,TI,8.4,2,体部：2字ナデ（？）→見込：指ナデ→口縁：横ナデ,口縁：横ナデ,（財）富山県文化振興財団2002,TRUE
625,TYa4497,4497,石名田木舟遺跡,Toyama,SD7003,TI,8.9,1.9,体部：横ナデ（不明）→見込：不明→口縁：横ナデ,口縁：横ナデ,（財）富山県文化振興財団2002,TRUE
626,TYa4498,4498,石名田木舟遺跡,Toyama,SD7003,TI,8,1.9,見込：無し→体部：横ナデ（不明）→口縁：横ナデ,口縁：横ナデ,（財）富山県文化振興財団2002,TRUE
627,TYa4499,4499,石名田木舟遺跡,Toyama,SD7003,TI,8,1.7,体部：横ナデ（不明）→見込：指ナデ→口縁：横ナデ,口縁：横ナデ,（財）富山県文化振興財団2002,TRUE
628,TYa4500,4500,石名田木舟遺跡,Toyama,SD7003,,8.6,1.7,体部：横ナデ（不明）→見込：指ナデ→口縁：横ナデ,口縁：横ナデ,（財）富山県文化振興財団2002,FALSE
629,TYa4501,4501,石名田木舟遺跡,Toyama,SD7003,TI,8.6,2,体部：の字ナデ→見込：指ナデ→口縁：横ナデ,口縁：横ナデ,（財）富山県文化振興財団2002,TRUE
630,TYa4502,4502,石名田木舟遺跡,Toyama,SD7003,TI,8.9,1.7,体部：の字ナデ→見込：指ナデ→口縁：横ナデ,口縁：横ナデ,（財）富山県文化振興財団2002,TRUE
631,TYa4503,4503,石名田木舟遺跡,Toyama,SD7003,TI,8.6,1.8,体部：の字ナデ→見込：指ナデ→口縁：横ナデ,口縁：横ナデ,（財）富山県文化振興財団2002,TRUE
632,TYa4504,4504,石名田木舟遺跡,Toyama,SD7003,TI,11.2,2.3,見込：一方向ナデ→体部：横ナデ（不明）→口縁：横ナデ,口縁：横ナデ,（財）富山県文化振興財団2002,TRUE
633,TYa4505,4505,石名田木舟遺跡,Toyama,SD7003,TI,11.4,2.1,見込：一方向ナデ→体部：2字ナデ→口縁：横ナデ,口縁：横ナデ,（財）富山県文化振興財団2002,TRUE
634,TYa4506,4506,石名田木舟遺跡,Toyama,SD7003,TI,11.2,2,見込：無し→体部：横ナデ（不明）→口縁：横ナデ,口縁：横ナデ,（財）富山県文化振興財団2002,TRUE
635,TYa4507,4507,石名田木舟遺跡,Toyama,SD7003,TI,11,2.1,見込：無し→体部：横ナデ（不明）→口縁：横ナデ,口縁：横ナデ,（財）富山県文化振興財団2002,TRUE
636,TYa4508,4508,石名田木舟遺跡,Toyama,SD7003,TI,11,2.2,見込：一方向ナデ→体部：2字ナデ→口縁：横ナデ,口縁：横ナデ,（財）富山県文化振興財団2002,TRUE
637,TYa4509,4509,石名田木舟遺跡,Toyama,SD7003,TI,11.4,1.9,見込：無し→体部：横ナデ（不明）→口縁：横ナデ,口縁：横ナデ,（財）富山県文化振興財団2002,TRUE
638,TYa4510,4510,石名田木舟遺跡,Toyama,SD7003,TI,11.4,2,見込：無し→体部：横ナデ（不明）→口縁：横ナデ,口縁：横ナデ,（財）富山県文化振興財団2002,TRUE
639,TYa4511,4511,石名田木舟遺跡,Toyama,SD7003,TI,11.7,2.1,見込：無し→体部：2字ナデ→口縁：横ナデ,口縁：横ナデ,（財）富山県文化振興財団2002,TRUE
640,TYa4512,4512,石名田木舟遺跡,Toyama,SD7003,TI,11.7,2.1,見込：一方向ナデ→体部：2字ナデ（？）→口縁：横ナデ,口縁：横ナデ,（財）富山県文化振興財団2002,TRUE
641,TYa4513,4513,石名田木舟遺跡,Toyama,SD7003,TI,11.2,2.2,見込：一方向ナデ→体部：横ナデ（不明）→口縁：横ナデ,口縁：横ナデ,（財）富山県文化振興財団2002,TRUE
642,TYa4514,4514,石名田木舟遺跡,Toyama,SD7003,TI,11.2,2.1,見込：一方向ナデ→体部：2字ナデ（？）→口縁：横ナデ,口縁：横ナデ,（財）富山県文化振興財団2002,TRUE
643,TYa4515,4515,石名田木舟遺跡,Toyama,SD7003,TI,11,2.2,見込：一方向ナデ→体部：横ナデ（不明）→口縁：横ナデ,口縁：横ナデ,（財）富山県文化振興財団2002,TRUE
644,TYa4516,4516,石名田木舟遺跡,Toyama,SD7003,TI,11.2,2.1,見込：一方向ナデ→体部：2字ナデ→口縁：横ナデ,口縁：横ナデ,（財）富山県文化振興財団2002,TRUE
645,TYa4517,4517,石名田木舟遺跡,Toyama,SD7003,TI,10.8,2.2,見込：一方向ナデ→体部：2字ナデ（？）→口縁：横ナデ,口縁：横ナデ,（財）富山県文化振興財団2002,TRUE
646,TYa4518,4518,石名田木舟遺跡,Toyama,SD7003,TI,11.5,2,見込：一方向ナデ→体部：2字ナデ→口縁：横ナデ,口縁：横ナデ,（財）富山県文化振興財団2002,TRUE
647,TYa4519,4519,石名田木舟遺跡,Toyama,SD7003,,11.8,NA,,,（財）富山県文化振興財団2002,FALSE
648,TYa4520,4520,石名田木舟遺跡,Toyama,SD7003,TI,11.6,2.1,見込：一方向ナデ→体部：2字ナデ→口縁：横ナデ,口縁：横ナデ,（財）富山県文化振興財団2002,TRUE
649,TYa4521,4521,石名田木舟遺跡,Toyama,SD7003,TI,12.3,1.9,見込：一方向ナデ→体部：2字ナデ→口縁：横ナデ,口縁：横ナデ,（財）富山県文化振興財団2002,TRUE
650,TYa4522,4522,石名田木舟遺跡,Toyama,SD7003,TI,12.4,2.2,見込：一方向ナデ→体部：2字ナデ→口縁：横ナデ,口縁：横ナデ,（財）富山県文化振興財団2002,TRUE
651,TYa4523,4523,石名田木舟遺跡,Toyama,SD7003,TI,13.4,2.2,見込：一方向ナデ→体部：不明→口縁：横ナデ,口縁：横ナデ,（財）富山県文化振興財団2002,TRUE
652,TYa4524,4524,石名田木舟遺跡,Toyama,SD7003,TI,13.8,2,見込：一方向ナデ→体部：不明→口縁：横ナデ,口縁：横ナデ,（財）富山県文化振興財団2002,TRUE
653,TYa4526,4526,石名田木舟遺跡,Toyama,SD7003,,13.6,2.1,見込：一方向ナデ→体部：不明→口縁：横ナデ,口縁：横ナデ,（財）富山県文化振興財団2002,FALSE
654,TYa4527,4527,石名田木舟遺跡,Toyama,SD7003,TI,14.2,2,見込：一方向ナデ→体部：不明→口縁：横ナデ,口縁：横ナデ,（財）富山県文化振興財団2002,TRUE
655,TYa4528,4528,石名田木舟遺跡,Toyama,SD7003,TI,14.5,2.2,見込：一方向ナデ→体部：不明→口縁：横ナデ,口縁：横ナデ,（財）富山県文化振興財団2002,TRUE
656,TYa4529,4529,石名田木舟遺跡,Toyama,SD7003,TI,14,2.4,見込：一方向ナデ→体部：2字ナデ→口縁：横ナデ,口縁：横ナデ,（財）富山県文化振興財団2002,TRUE
657,TYa4530,4530,石名田木舟遺跡,Toyama,SD7003,TI,13.8,2.2,見込：一方向ナデ→体部：不明→口縁：横ナデ,口縁：横ナデ,（財）富山県文化振興財団2002,TRUE
658,TYa4531,4531,石名田木舟遺跡,Toyama,SD7003,TI,13.8,2.1,見込：一方向ナデ→体部：不明→口縁：横ナデ,口縁：横ナデ,（財）富山県文化振興財団2002,TRUE
659,TYa4532,4532,石名田木舟遺跡,Toyama,SD7003,TI,14,2.4,見込：一方向ナデ→体部：2字ナデ→口縁：横ナデ,口縁：横ナデ,（財）富山県文化振興財団2002,TRUE
660,TYa4533,4533,石名田木舟遺跡,Toyama,SD7003,TI,14.2,2.2,見込：一方向ナデ→体部：2字ナデ→口縁：横ナデ,口縁：横ナデ,（財）富山県文化振興財団2002,TRUE
661,TYa4534,4534,石名田木舟遺跡,Toyama,SD7003,TI,14.4,2.3,見込：一方向ナデ→体部：不明→口縁：横ナデ,口縁：横ナデ,（財）富山県文化振興財団2002,TRUE
662,TYa4535,4535,石名田木舟遺跡,Toyama,SD7003,TI,14.4,2.2,見込：一方向ナデ→体部：2字ナデ→口縁：横ナデ,口縁：横ナデ,（財）富山県文化振興財団2002,TRUE
663,TYa4536,4536,石名田木舟遺跡,Toyama,SD7003,,15.2,2.6,見込：一方向ナデ→体部：不明→口縁：横ナデ,口縁：横ナデ,（財）富山県文化振興財団2002,FALSE
664,TYa4537,4537,石名田木舟遺跡,Toyama,SD7003,,14.8,NA,見込：一方向ナデ→体部：不明→口縁：横ナデ,口縁：横ナデ,（財）富山県文化振興財団2002,FALSE
665,TYa4538,4538,石名田木舟遺跡,Toyama,SD7003,TI,15,2.6,見込：一方向ナデ→体部：2字ナデ→口縁：横ナデ,口縁：横ナデ,（財）富山県文化振興財団2002,TRUE
666,TYa4539,4539,石名田木舟遺跡,Toyama,SD7003,,14.8,2.1,見込：一方向ナデ→体部：2字ナデ→口縁：横ナデ,口縁：横ナデ,（財）富山県文化振興財団2002,FALSE
667,TYa4540,4540,石名田木舟遺跡,Toyama,SD7003,,14.3,NA,見込：一方向ナデ→体部：2字ナデ→口縁：横ナデ,口縁：横ナデ,（財）富山県文化振興財団2002,FALSE
668,TYa4541,4541,石名田木舟遺跡,Toyama,SD7003,,13.8,2,見込：一方向ナデ→体部：不明→口縁：横ナデ,口縁：横ナデ,（財）富山県文化振興財団2002,FALSE
669,TYa4542,4542,石名田木舟遺跡,Toyama,SD7003,TI,13.8,2.1,見込：一方向ナデ→体部：不明→口縁：横ナデ,口縁：横ナデ,（財）富山県文化振興財団2002,TRUE
670,TYa4543,4543,石名田木舟遺跡,Toyama,SD7003,TI,13.9,2.2,見込：一方向ナデ→体部：不明→口縁：横ナデ,口縁：横ナデ,（財）富山県文化振興財団2002,TRUE
671,TYa4544,4544,石名田木舟遺跡,Toyama,SD7003,,15,NA,見込：一方向ナデ→体部：2字ナデ→口縁：横ナデ,口縁：横ナデ,（財）富山県文化振興財団2002,FALSE
672,TYa4545,4545,石名田木舟遺跡,Toyama,SD7003,TI,15.4,2.7,見込：一方向ナデ→体部：2字ナデ→口縁：横ナデ,口縁：横ナデ,（財）富山県文化振興財団2002,TRUE
673,TYa4546,4525,石名田木舟遺跡,Toyama,SD7003,,13.8,2,見込：一方向ナデ→体部：不明→口縁：横ナデ,口縁：横ナデ,（財）富山県文化振興財団2002,FALSE
674,TYa4546,4546,石名田木舟遺跡,Toyama,SD7003,,15.5,2.1,見込：一方向ナデ→体部：2字ナデ→口縁：横ナデ,口縁：横ナデ,（財）富山県文化振興財団2002,FALSE
675,TYa4547,4547,石名田木舟遺跡,Toyama,SD7003,TI,15.6,2.6,見込：一方向ナデ→体部：不明→口縁：横ナデ,口縁：横ナデ,（財）富山県文化振興財団2002,TRUE
676,TYa4548,4548,石名田木舟遺跡,Toyama,SD7003,TI,15.6,2.6,見込：一方向ナデ→体部：2字ナデ→口縁：横ナデ,口縁：横ナデ,（財）富山県文化振興財団2002,TRUE
677,TYa4549,4549,石名田木舟遺跡,Toyama,SD7003,TI,15.8,2.6,見込：一方向ナデ→体部：2字ナデ→口縁：横ナデ,口縁：横ナデ,（財）富山県文化振興財団2002,TRUE
678,TYa4550,4550,石名田木舟遺跡,Toyama,SD7003,TI,15.8,2.1,見込：一方向ナデ→体部：2字ナデ→口縁：横ナデ,口縁：横ナデ,（財）富山県文化振興財団2002,TRUE
679,TYa4551,4551,石名田木舟遺跡,Toyama,SD7003,,16.2,2.2,見込：一方向ナデ→体部：不明→口縁：横ナデ,口縁：横ナデ,（財）富山県文化振興財団2002,FALSE
680,TYa4552,4552,石名田木舟遺跡,Toyama,SD7003,TI,13.8,2.4,見込：一方向ナデ→体部：2字ナデ→口縁：横ナデ,口縁：横ナデ,（財）富山県文化振興財団2002,TRUE
681,TYa4553,4553,石名田木舟遺跡,Toyama,SD7003,,14.2,2.1,見込：一方向ナデ→体部：不明→口縁：横ナデ,口縁：横ナデ,（財）富山県文化振興財団2002,FALSE
682,TYa4554,4554,石名田木舟遺跡,Toyama,SD7003,,14.8,2,見込：不明→体部：不明→口縁：横ナデ,口縁：横ナデ,（財）富山県文化振興財団2002,FALSE
683,TYa4555,4555,石名田木舟遺跡,Toyama,SD7003,TI,15.3,2.1,見込：一方向ナデ→体部：2字ナデ→口縁：横ナデ,口縁：横ナデ,（財）富山県文化振興財団2002,TRUE
684,TYa4556,4556,石名田木舟遺跡,Toyama,SD7003,TI,18.4,2.6,見込：一方向ナデ→体部：不明→口縁：横ナデ,口縁：横ナデ,（財）富山県文化振興財団2002,TRUE
685,TYa4557,4557,石名田木舟遺跡,Toyama,SD7003,TI,18.7,2.2,見込：一方向ナデ→体部：2字ナデ→口縁：横ナデ,口縁：横ナデ,（財）富山県文化振興財団2002,TRUE
686,TYa4764,4764,石名田木舟遺跡,Toyama,SD7030,RF,7.9,2,,,（財）富山県文化振興財団2002,FALSE
687,TYa4765,4765,石名田木舟遺跡,Toyama,SD7030,RH,13.5,NA,,,（財）富山県文化振興財団2002,FALSE
688,TYa4766,4766,石名田木舟遺跡,Toyama,SD7030,RH,14.2,2.8,,,（財）富山県文化振興財団2002,FALSE
689,TYa4767,4767,石名田木舟遺跡,Toyama,SD7030,TH,6.9,1.4,,,（財）富山県文化振興財団2002,FALSE
690,TYa4768,4768,石名田木舟遺跡,Toyama,SD7030,TH,7.8,1.4,,,（財）富山県文化振興財団2002,FALSE
691,TYa4769,4769,石名田木舟遺跡,Toyama,SD7030,TH,8.2,1.5,,,（財）富山県文化振興財団2002,FALSE
692,TYa4770,4770,石名田木舟遺跡,Toyama,SD7030,TH,8.6,1.4,,,（財）富山県文化振興財団2002,FALSE
693,TYa4771,4771,石名田木舟遺跡,Toyama,SD7030,TH,8.6,NA,,,（財）富山県文化振興財団2002,FALSE
694,TYa4772,4772,石名田木舟遺跡,Toyama,SD7030,TH,7.8,NA,,,（財）富山県文化振興財団2002,FALSE
695,TYa4773,4773,石名田木舟遺跡,Toyama,SD7030,TH,7.7,1.7,,,（財）富山県文化振興財団2002,FALSE
696,TYa4774,4774,石名田木舟遺跡,Toyama,SD7030,TH,7.6,NA,,,（財）富山県文化振興財団2002,FALSE
697,TYa4775,4775,石名田木舟遺跡,Toyama,SD7030,TH,8.8,NA,,,（財）富山県文化振興財団2002,FALSE
698,TYa4776,4776,石名田木舟遺跡,Toyama,SD7030,TH,9.8,NA,,,（財）富山県文化振興財団2002,FALSE
699,TYa4777,4777,石名田木舟遺跡,Toyama,SD7030,,7.5,1.6,,,（財）富山県文化振興財団2002,FALSE
700,TYa4778,4778,石名田木舟遺跡,Toyama,SD7030,,7.4,1.7,,,（財）富山県文化振興財団2002,FALSE
701,TYa4779,4779,石名田木舟遺跡,Toyama,SD7030,,7.7,1.9,見込：指ナデ→体部：2字ナデ→口縁：横ナデ,口縁：横ナデ,（財）富山県文化振興財団2002,FALSE
702,TYa4780,4780,石名田木舟遺跡,Toyama,SD7030,TI,8.6,1.9,体部：2字ナデ→見込：指ナデ→口縁：横ナデ,口縁：横ナデ,（財）富山県文化振興財団2002,TRUE
703,TYa4781,4781,石名田木舟遺跡,Toyama,SD7030,TI,8.7,2.2,体部：不明→見込：指ナデ→口縁：横ナデ,口縁：横ナデ,（財）富山県文化振興財団2002,TRUE
704,TYa4782,4782,石名田木舟遺跡,Toyama,SD7030,TI,8.6,1.9,体部：不明→見込：不明→口縁：横ナデ,口縁：横ナデ,（財）富山県文化振興財団2002,TRUE
705,TYa4783,4783,石名田木舟遺跡,Toyama,SD7030,TI,8.2,2,体部：2字ナデ→見込：指ナデ→口縁：横ナデ,口縁：横ナデ,（財）富山県文化振興財団2002,TRUE
706,TYa4784,4784,石名田木舟遺跡,Toyama,SD7030,TI,8.4,2,体部：不明→見込：指ナデ→口縁：横ナデ,口縁：横ナデ,（財）富山県文化振興財団2002,TRUE
707,TYa4785,4785,石名田木舟遺跡,Toyama,SD7030,TI,8.4,1.9,体部：不明→見込：指ナデ→口縁：横ナデ,口縁：横ナデ,（財）富山県文化振興財団2002,TRUE
708,TYa4786,4786,石名田木舟遺跡,Toyama,SD7030,TI,8.7,2.1,体部：2字ナデ→見込：指ナデ→口縁：横ナデ,口縁：横ナデ,（財）富山県文化振興財団2002,TRUE
709,TYa4787,4787,石名田木舟遺跡,Toyama,SD7030,TI,8.8,2,体部：の字ナデ？→見込：指ナデ→口縁：横ナデ,口縁：横ナデ,（財）富山県文化振興財団2002,TRUE
710,TYa4788,4788,石名田木舟遺跡,Toyama,SD7030,TI,8.8,1.9,体部：2字ナデ→見込：指ナデ？→口縁：横ナデ,口縁：横ナデ,（財）富山県文化振興財団2002,TRUE
711,TYa4789,4789,石名田木舟遺跡,Toyama,SD7030,TI,9.1,2.2,体部：2字ナデ→見込：指ナデ→口縁：横ナデ,口縁：横ナデ,（財）富山県文化振興財団2002,TRUE
712,TYa4790,4790,石名田木舟遺跡,Toyama,SD7030,TI,8.6,2,体部：2字ナデ→見込：指ナデ→口縁：横ナデ,口縁：横ナデ,（財）富山県文化振興財団2002,TRUE
713,TYa4791,4791,石名田木舟遺跡,Toyama,SD7030,TI,8.8,2.1,体部：2字ナデ→見込：指ナデ→口縁：横ナデ,口縁：横ナデ,（財）富山県文化振興財団2002,TRUE
714,TYa4792,4792,石名田木舟遺跡,Toyama,SD7030,TI,8.9,1.9,体部：2字ナデ→見込：指ナデ→口縁：横ナデ,口縁：横ナデ,（財）富山県文化振興財団2002,TRUE
715,TYa4793,4793,石名田木舟遺跡,Toyama,SD7030,TI,8.8,1.9,体部：2字ナデ→見込：指ナデ→口縁：横ナデ,口縁：横ナデ,（財）富山県文化振興財団2002,TRUE
716,TYa4794,4794,石名田木舟遺跡,Toyama,SD7030,TI,9.2,2,体部：横ナデ→見込：指ナデ→口縁：横ナデ,口縁：横ナデ,（財）富山県文化振興財団2002,TRUE
717,TYa4795,4795,石名田木舟遺跡,Toyama,SD7030,TI,8.5,2.1,体部：横ナデ→見込：指ナデ→口縁：横ナデ,口縁：横ナデ,（財）富山県文化振興財団2002,TRUE
718,TYa4796,4796,石名田木舟遺跡,Toyama,SD7030,TI,8.6,1.9,体部：2字ナデ→見込：指ナデ→口縁：横ナデ,口縁：横ナデ,（財）富山県文化振興財団2002,TRUE
719,TYa4797,4797,石名田木舟遺跡,Toyama,SD7030,TI,8.5,1.8,体部：2字ナデ→見込：指ナデ→口縁：横ナデ,口縁：横ナデ,（財）富山県文化振興財団2002,TRUE
720,TYa4798,4798,石名田木舟遺跡,Toyama,SD7030,TI,8.6,2.2,体部：2字ナデ→見込：指ナデ→口縁：横ナデ,口縁：横ナデ,（財）富山県文化振興財団2002,TRUE
721,TYa4799,4799,石名田木舟遺跡,Toyama,SD7030,TI,8.8,1.9,体部：2字ナデ→見込：指ナデ→口縁：横ナデ,口縁：横ナデ,（財）富山県文化振興財団2002,TRUE
722,TYa4800,4800,石名田木舟遺跡,Toyama,SD7030,TI,8.9,1.9,体部：2字ナデ→見込：指ナデ→口縁：横ナデ,口縁：横ナデ,（財）富山県文化振興財団2002,TRUE
723,TYa4801,4801,石名田木舟遺跡,Toyama,SD7030,TI,8.9,1.8,体部：2字ナデ→見込：指ナデ→口縁：横ナデ,口縁：横ナデ,（財）富山県文化振興財団2002,TRUE
724,TYa4802,4802,石名田木舟遺跡,Toyama,SD7030,TI,8.6,1.8,体部：2字ナデ→口縁：横ナデ,口縁：横ナデ,（財）富山県文化振興財団2002,TRUE
725,TYa4803,4803,石名田木舟遺跡,Toyama,SD7030,TI,8.7,1.8,体部：2字ナデ→見込：指ナデ→口縁：横ナデ,口縁：横ナデ,（財）富山県文化振興財団2002,TRUE
726,TYa4804,4804,石名田木舟遺跡,Toyama,SD7030,TI,8.8,1.8,体部：2字ナデ→見込：指ナデ→口縁：横ナデ,口縁：横ナデ,（財）富山県文化振興財団2002,TRUE
727,TYa4805,4805,石名田木舟遺跡,Toyama,SD7030,TI,8.8,1.9,体部：2字ナデ→見込：指ナデ→口縁：横ナデ,口縁：横ナデ,（財）富山県文化振興財団2002,TRUE
728,TYa4806,4806,石名田木舟遺跡,Toyama,SD7030,TI,9,1.9,体部：2字ナデ→見込：指ナデ→口縁：横ナデ,口縁：横ナデ,（財）富山県文化振興財団2002,TRUE
729,TYa4807,4807,石名田木舟遺跡,Toyama,SD7030,TI,8.7,1.9,体部：2字ナデ→見込：指ナデ→口縁：横ナデ,口縁：横ナデ,（財）富山県文化振興財団2002,TRUE
730,TYa4808,4808,石名田木舟遺跡,Toyama,SD7030,TI,8.9,2,体部：2字ナデ→見込：指ナデ→口縁：横ナデ,口縁：横ナデ,（財）富山県文化振興財団2002,TRUE
731,TYa4809,4809,石名田木舟遺跡,Toyama,SD7030,TI,9,2.1,体部：2字ナデ→見込：指ナデ→口縁：横ナデ,口縁：横ナデ,（財）富山県文化振興財団2002,TRUE
732,TYa4810,4810,石名田木舟遺跡,Toyama,SD7030,TI,8.8,2.1,体部：2字ナデ→見込：指ナデ→口縁：横ナデ,口縁：横ナデ,（財）富山県文化振興財団2002,TRUE
733,TYa4811,4811,石名田木舟遺跡,Toyama,SD7030,TI,8.8,2,体部：2字ナデ→見込：指ナデ→口縁：横ナデ,口縁：横ナデ,（財）富山県文化振興財団2002,TRUE
734,TYa4812,4812,石名田木舟遺跡,Toyama,SD7030,TI,8.7,1.7,体部：2字ナデ→見込：指ナデ→口縁：横ナデ,口縁：横ナデ,（財）富山県文化振興財団2002,TRUE
735,TYa4813,4813,石名田木舟遺跡,Toyama,SD7030,TI,8.8,1.9,体部：横ナデ（不明）→見込：指ナデ→口縁：横ナデ,口縁：横ナデ,（財）富山県文化振興財団2002,TRUE
736,TYa4814,4814,石名田木舟遺跡,Toyama,SD7030,TI,9.2,2.1,体部：2字ナデ→見込：指ナデ→口縁：横ナデ,口縁：横ナデ,（財）富山県文化振興財団2002,TRUE
737,TYa4815,4815,石名田木舟遺跡,Toyama,SD7030,TI,9.2,1.9,体部：2字ナデ（？）→見込：指ナデ→口縁：横ナデ,口縁：横ナデ,（財）富山県文化振興財団2002,TRUE
738,TYa4816,4816,石名田木舟遺跡,Toyama,SD7030,TI,8.8,2.2,体部：2字ナデ→見込：指ナデ→口縁：横ナデ,口縁：横ナデ,（財）富山県文化振興財団2002,TRUE
739,TYa4817,4817,石名田木舟遺跡,Toyama,SD7030,TI,8.7,1.9,体部：横ナデ（不明）→見込：指ナデ→口縁：横ナデ,口縁：横ナデ,（財）富山県文化振興財団2002,TRUE
740,TYa4818,4818,石名田木舟遺跡,Toyama,SD7030,TI,8.8,1.7,体部：2字ナデ→口縁：横ナデ,口縁：横ナデ,（財）富山県文化振興財団2002,TRUE
741,TYa4819,4819,石名田木舟遺跡,Toyama,SD7030,TI,8.4,2,体部：横ナデ（不明）→見込：指ナデ→口縁：横ナデ,口縁：横ナデ,（財）富山県文化振興財団2002,TRUE
742,TYa4820,4820,石名田木舟遺跡,Toyama,SD7030,TI,8.8,2.1,体部：2字ナデ→見込：指ナデ→口縁：横ナデ,口縁：横ナデ,（財）富山県文化振興財団2002,TRUE
743,TYa4821,4821,石名田木舟遺跡,Toyama,SD7030,TI,9,1.8,体部：横ナデ（不明）→見込：指ナデ→口縁：横ナデ,口縁：横ナデ,（財）富山県文化振興財団2002,TRUE
744,TYa4822,4822,石名田木舟遺跡,Toyama,SD7030,TI,8.7,2,体部：2字ナデ→見込：指ナデ→口縁：横ナデ,口縁：横ナデ,（財）富山県文化振興財団2002,TRUE
745,TYa4823,4823,石名田木舟遺跡,Toyama,SD7030,TI,9.3,1.9,不明,口縁：横ナデ,（財）富山県文化振興財団2002,TRUE
746,TYa4824,4824,石名田木舟遺跡,Toyama,SD7030,TI,9.3,1.8,体部：横ナデ（不明）→見込：指ナデ→口縁：横ナデ,口縁：横ナデ,（財）富山県文化振興財団2002,TRUE
747,TYa4825,4825,石名田木舟遺跡,Toyama,SD7030,TI,9,1.9,体部：2字ナデ→見込：指ナデ→口縁：横ナデ,口縁：横ナデ,（財）富山県文化振興財団2002,TRUE
748,TYa4826,4826,石名田木舟遺跡,Toyama,SD7030,TI,9,1.9,体部：2字ナデ→見込：指ナデ→口縁：横ナデ,口縁：横ナデ,（財）富山県文化振興財団2002,TRUE
749,TYa4827,4827,石名田木舟遺跡,Toyama,SD7030,TI,9.3,1.8,体部：横ナデ（不明）→見込：指ナデ→口縁：横ナデ,口縁：横ナデ,（財）富山県文化振興財団2002,TRUE
750,TYa4828,4828,石名田木舟遺跡,Toyama,SD7030,TI,8.4,1.8,体部：2字ナデ→見込：指ナデ→口縁：横ナデ,口縁：横ナデ,（財）富山県文化振興財団2002,TRUE
751,TYa4829,4829,石名田木舟遺跡,Toyama,SD7030,TI,8.7,1.9,体部：の字ナデ→見込：指ナデ→口縁：横ナデ,口縁：横ナデ,（財）富山県文化振興財団2002,TRUE
752,TYa4830,4830,石名田木舟遺跡,Toyama,SD7030,TI,8.7,1.7,体部：2字ナデ→見込：指ナデ→口縁：横ナデ,口縁：横ナデ,（財）富山県文化振興財団2002,TRUE
753,TYa4831,4831,石名田木舟遺跡,Toyama,SD7030,TI,8.6,2,体部：2字ナデ→見込：指ナデ→口縁：横ナデ,口縁：横ナデ,（財）富山県文化振興財団2002,TRUE
754,TYa4832,4832,石名田木舟遺跡,Toyama,SD7030,TI,8.8,2.1,体部：2字ナデ→見込：指ナデ→口縁：横ナデ,口縁：横ナデ,（財）富山県文化振興財団2002,TRUE
755,TYa4833,4833,石名田木舟遺跡,Toyama,SD7030,TI,9,2,体部：2字ナデ→見込：指ナデ→口縁：横ナデ,口縁：横ナデ,（財）富山県文化振興財団2002,TRUE
756,TYa4834,4834,石名田木舟遺跡,Toyama,SD7030,TI,8.9,1.9,体部：2字ナデ→見込：指ナデ→口縁：横ナデ,口縁：横ナデ,（財）富山県文化振興財団2002,TRUE
757,TYa4835,4835,石名田木舟遺跡,Toyama,SD7030,TI,8.9,1.9,体部：2字ナデ→見込：指ナデ→口縁：横ナデ,口縁：横ナデ,（財）富山県文化振興財団2002,TRUE
758,TYa4836,4836,石名田木舟遺跡,Toyama,SD7030,TI,9.3,2,体部：2字ナデ→見込：指ナデ→口縁：横ナデ,口縁：横ナデ,（財）富山県文化振興財団2002,TRUE
759,TYa4837,4837,石名田木舟遺跡,Toyama,SD7030,TI,9,2,体部：2字ナデ→見込：指ナデ→口縁：横ナデ,口縁：横ナデ,（財）富山県文化振興財団2002,TRUE
760,TYa4838,4838,石名田木舟遺跡,Toyama,SD7030,TI,8.5,2,体部：2字ナデ→見込：指ナデ→口縁：横ナデ,口縁：横ナデ,（財）富山県文化振興財団2002,TRUE
761,TYa4839,4839,石名田木舟遺跡,Toyama,SD7030,TI,8.7,1.9,体部：2字ナデ→見込：指ナデ→口縁：横ナデ,口縁：横ナデ,（財）富山県文化振興財団2002,TRUE
762,TYa4840,4840,石名田木舟遺跡,Toyama,SD7030,TI,8.4,2.1,体部：2字ナデ→見込：指ナデ→口縁：横ナデ,口縁：横ナデ,（財）富山県文化振興財団2002,TRUE
763,TYa4841,4841,石名田木舟遺跡,Toyama,SD7030,TI,8.6,2,体部：横ナデ（不明）→見込：指ナデ→口縁：横ナデ,口縁：横ナデ,（財）富山県文化振興財団2002,TRUE
764,TYa4842,4842,石名田木舟遺跡,Toyama,SD7030,TI,8.7,2,体部：横ナデ（不明）→見込：指ナデ→口縁：横ナデ,口縁：横ナデ,（財）富山県文化振興財団2002,TRUE
765,TYa4843,4843,石名田木舟遺跡,Toyama,SD7030,TI,8.8,2,体部：横ナデ（不明）→見込：指ナデ→口縁：横ナデ,口縁：横ナデ,（財）富山県文化振興財団2002,TRUE
766,TYa4844,4844,石名田木舟遺跡,Toyama,SD7030,TI,8.9,2.2,体部：横ナデ（不明）→見込：指ナデ→口縁：横ナデ,口縁：横ナデ,（財）富山県文化振興財団2002,TRUE
767,TYa4845,4845,石名田木舟遺跡,Toyama,SD7030,TI,8.9,2.2,体部：2字ナデ→見込：指ナデ→口縁：横ナデ,口縁：横ナデ,（財）富山県文化振興財団2002,TRUE
768,TYa4846,4846,石名田木舟遺跡,Toyama,SD7030,TI,8.8,2.1,体部：横ナデ（不明）→見込：指ナデ→口縁：横ナデ,口縁：横ナデ,（財）富山県文化振興財団2002,FALSE
769,TYa4847,4847,石名田木舟遺跡,Toyama,SD7030,TI,8.8,2.1,体部：横ナデ（不明）→見込：指ナデ→口縁：横ナデ,口縁：横ナデ,（財）富山県文化振興財団2002,TRUE
770,TYa4848,4848,石名田木舟遺跡,Toyama,SD7030,TI,8.8,2.1,体部：2字ナデ→見込：指ナデ→口縁：横ナデ,口縁：横ナデ,（財）富山県文化振興財団2002,TRUE
771,TYa4849,4849,石名田木舟遺跡,Toyama,SD7030,TI,8.7,1.9,体部：2字ナデ→見込：指ナデ→口縁：横ナデ,口縁：横ナデ,（財）富山県文化振興財団2002,TRUE
772,TYa4850,4850,石名田木舟遺跡,Toyama,SD7030,TI,8.7,1.8,体部：横ナデ（不明）→見込：指ナデ→口縁：横ナデ,口縁：横ナデ,（財）富山県文化振興財団2002,TRUE
773,TYa4851,4851,石名田木舟遺跡,Toyama,SD7030,TI,8.7,1.9,体部：2字ナデ→見込：指ナデ→口縁：横ナデ,口縁：横ナデ,（財）富山県文化振興財団2002,TRUE
774,TYa4852,4852,石名田木舟遺跡,Toyama,SD7030,TI,9.1,1.7,不明,,（財）富山県文化振興財団2002,TRUE
775,TYa4853,4853,石名田木舟遺跡,Toyama,SD7030,TI,9.2,1.9,体部：2字ナデ→見込：指ナデ→口縁：横ナデ,,（財）富山県文化振興財団2002,TRUE
776,TYa4854,4854,石名田木舟遺跡,Toyama,SD7030,TI,9.2,1.8,不明,,（財）富山県文化振興財団2002,TRUE
777,TYa4855,4855,石名田木舟遺跡,Toyama,SD7030,TI,NA,NA,不明,,（財）富山県文化振興財団2002,FALSE
778,TYa4856,4856,石名田木舟遺跡,Toyama,SD7030,TI,NA,NA,不明,,（財）富山県文化振興財団2002,FALSE
779,TYa4857,4857,石名田木舟遺跡,Toyama,SD7030,TI,8.2,1.8,体部：横ナデ（不明）→見込：指ナデ→口縁：横ナデ,,（財）富山県文化振興財団2002,TRUE
780,TYa4858,4858,石名田木舟遺跡,Toyama,SD7030,TI,8.3,1.8,体部：2字ナデ→見込：指ナデ→口縁：横ナデ,,（財）富山県文化振興財団2002,TRUE
781,TYa4859,4859,石名田木舟遺跡,Toyama,SD7030,TI,8.6,1.6,体部：横ナデ（不明）→見込：指ナデ→口縁：横ナデ,,（財）富山県文化振興財団2002,TRUE
782,TYa4860,4860,石名田木舟遺跡,Toyama,SD7030,TI,8.6,1.7,体部：2字ナデ→見込：指ナデ→口縁：横ナデ,,（財）富山県文化振興財団2002,TRUE
783,TYa4861,4861,石名田木舟遺跡,Toyama,SD7030,TI,8.7,1.7,体部：2字ナデ→見込：指ナデ→口縁：横ナデ,,（財）富山県文化振興財団2002,TRUE
784,TYa4862,4862,石名田木舟遺跡,Toyama,SD7030,TI,8.6,1.7,体部：横ナデ（不明）→見込：指ナデ→口縁：横ナデ,,（財）富山県文化振興財団2002,TRUE
785,TYa4863,4863,石名田木舟遺跡,Toyama,SD7030,TI,8.6,1.8,体部：横ナデ（不明）→見込：指ナデ→口縁：横ナデ,,（財）富山県文化振興財団2002,TRUE
786,TYa4864,4864,石名田木舟遺跡,Toyama,SD7030,TI,8.7,1.8,体部：2字ナデ→見込：指ナデ→口縁：横ナデ,,（財）富山県文化振興財団2002,TRUE
787,TYa4865,4865,石名田木舟遺跡,Toyama,SD7030,TI,9,1.8,体部：2字ナデ→見込：指ナデ→口縁：横ナデ,,（財）富山県文化振興財団2002,TRUE
788,TYa4866,4866,石名田木舟遺跡,Toyama,SD7030,TI,8.8,1.8,体部：横ナデ（不明）→見込：指ナデ→口縁：横ナデ,,（財）富山県文化振興財団2002,TRUE
789,TYa4867,4867,石名田木舟遺跡,Toyama,SD7030,TI,8.9,2,体部：2字ナデ→見込：不明→口縁：横ナデ,,（財）富山県文化振興財団2002,TRUE
790,TYa4868,4868,石名田木舟遺跡,Toyama,SD7030,TI,8.6,1.9,体部：2字ナデ→見込：不明→口縁：横ナデ,,（財）富山県文化振興財団2002,TRUE
791,TYa4869,4869,石名田木舟遺跡,Toyama,SD7030,TI,7.7,1.8,体部：の字ナデ、見込：指ナデ→口縁：横ナデ,,（財）富山県文化振興財団2002,FALSE
792,TYa4870,4870,石名田木舟遺跡,Toyama,SD7030,TI,NA,NA,不明,,（財）富山県文化振興財団2002,FALSE
793,TYa4871,4871,石名田木舟遺跡,Toyama,SD7030,TI,8.7,1.8,体部：2字ナデ→見込：不明→口縁：横ナデ,,（財）富山県文化振興財団2002,TRUE
794,TYa4872,4872,石名田木舟遺跡,Toyama,SD7030,TI,8.7,1.8,不明,,（財）富山県文化振興財団2002,TRUE
795,TYa4873,4873,石名田木舟遺跡,Toyama,SD7030,TI,8.8,2,体部：2字ナデ→見込：指ナデ→口縁：横ナデ,,（財）富山県文化振興財団2002,TRUE
796,TYa4874,4874,石名田木舟遺跡,Toyama,SD7030,TI,8.4,2,体部：横ナデ（不明）→見込：指ナデ→口縁：横ナデ,,（財）富山県文化振興財団2002,FALSE
797,TYa4875,4875,石名田木舟遺跡,Toyama,SD7030,TI,8.6,2,不明,,（財）富山県文化振興財団2002,TRUE
798,TYa4876,4876,石名田木舟遺跡,Toyama,SD7030,TI,8.6,2,体部：2字ナデ→見込：指ナデ→口縁：横ナデ,,（財）富山県文化振興財団2002,TRUE
799,TYa4877,4877,石名田木舟遺跡,Toyama,SD7030,TI,8.6,1.8,体部：横ナデ（不明）→見込：指ナデ→口縁：横ナデ,,（財）富山県文化振興財団2002,TRUE
800,TYa4878,4878,石名田木舟遺跡,Toyama,SD7030,TI,8.7,1.8,体部：2字ナデ→見込：指ナデ→口縁：横ナデ,,（財）富山県文化振興財団2002,TRUE
801,TYa4879,4879,石名田木舟遺跡,Toyama,SD7030,TI,8.7,1.9,体部：2字ナデ→見込：指ナデ→口縁：横ナデ,,（財）富山県文化振興財団2002,TRUE
802,TYa4880,4880,石名田木舟遺跡,Toyama,SD7030,TI,9,2.1,体部：2字ナデ→見込：指ナデ→口縁：横ナデ,,（財）富山県文化振興財団2002,TRUE
803,TYa4881,4881,石名田木舟遺跡,Toyama,SD7030,TI,8.9,2,体部：2字ナデ→見込：指ナデ→口縁：横ナデ,,（財）富山県文化振興財団2002,TRUE
804,TYa4882,4882,石名田木舟遺跡,Toyama,SD7030,TI,8.7,1.9,体部：2字ナデ→見込：指ナデ→口縁：横ナデ,,（財）富山県文化振興財団2002,TRUE
805,TYa4883,4883,石名田木舟遺跡,Toyama,SD7030,TI,8.9,1.8,不明,,（財）富山県文化振興財団2002,TRUE
806,TYa4884,4884,石名田木舟遺跡,Toyama,SD7030,TI,8.6,1.9,体部：の字ナデ→見込：指ナデ→口縁：横ナデ,,（財）富山県文化振興財団2002,TRUE
807,TYa4885,4885,石名田木舟遺跡,Toyama,SD7030,TI,8.9,2,体部：2字ナデ→見込：指ナデ→口縁：横ナデ,,（財）富山県文化振興財団2002,TRUE
808,TYa4886,4886,石名田木舟遺跡,Toyama,SD7030,TI,8.9,1.7,体部：横ナデ（不明）→見込：指ナデ→口縁：横ナデ,,（財）富山県文化振興財団2002,TRUE
809,TYa4887,4887,石名田木舟遺跡,Toyama,SD7030,TI,8.9,2,体部：2字ナデ→見込：指ナデ→口縁：横ナデ,,（財）富山県文化振興財団2002,TRUE
810,TYa4888,4888,石名田木舟遺跡,Toyama,SD7030,TI,8.7,1.7,見込：指ナデ→体部：の字ナデ→口縁：横ナデ,,（財）富山県文化振興財団2002,TRUE
811,TYa4889,4889,石名田木舟遺跡,Toyama,SD7030,TI,8.8,2,体部：2字ナデ→見込：指ナデ→口縁：横ナデ,,（財）富山県文化振興財団2002,TRUE
812,TYa4890,4890,石名田木舟遺跡,Toyama,SD7030,TI,8.6,1.7,体部：2字ナデ→見込：指ナデ→口縁：横ナデ,,（財）富山県文化振興財団2002,TRUE
813,TYa4891,4891,石名田木舟遺跡,Toyama,SD7030,TI,9,2,体部：横ナデ（不明）→見込：指ナデ→口縁：横ナデ,,（財）富山県文化振興財団2002,TRUE
814,TYa4892,4892,石名田木舟遺跡,Toyama,SD7030,TI,9.2,1.7,体部：不明→見込：指ナデ→口縁：横ナデ,口縁：横ナデ,（財）富山県文化振興財団2002,TRUE
815,TYa4893,4898,石名田木舟遺跡,Toyama,SD7030,煎餅,8.3,1.8,体部：2字ナデ→見込：指ナデ→口縁：横ナデ,口縁：横ナデ,（財）富山県文化振興財団2002,FALSE
816,TYa4893,4893,石名田木舟遺跡,Toyama,SD7030,煎餅,7.4,1.8,見込：無し→体部：2字ナデ（雑）→口縁：横ナデ,,（財）富山県文化振興財団2002,FALSE
817,TYa4894,4894,石名田木舟遺跡,Toyama,SD7030,煎餅,7.7,1.8,見込：無し→体部：2字ナデ（雑）→口縁：無し,,（財）富山県文化振興財団2002,FALSE
818,TYa4895,4895,石名田木舟遺跡,Toyama,SD7030,煎餅,7.8,1.6,,,（財）富山県文化振興財団2002,FALSE
819,TYa4896,4896,石名田木舟遺跡,Toyama,SD7030,煎餅,NA,NA,,,（財）富山県文化振興財団2002,FALSE
820,TYa4897,4897,石名田木舟遺跡,Toyama,SD7030,煎餅,NA,NA,不明,,（財）富山県文化振興財団2002,FALSE
821,TYa4899,4899,石名田木舟遺跡,Toyama,SD7030,煎餅,8.4,1.8,体部：2字ナデ→見込：指ナデ→口縁：横ナデ,口縁：横ナデ,（財）富山県文化振興財団2002,FALSE
822,TYa4900,4900,石名田木舟遺跡,Toyama,SD7030,TI,8.8,1.6,不明,,（財）富山県文化振興財団2002,TRUE
823,TYa4901,4901,石名田木舟遺跡,Toyama,SD7030,TI,8.8,1.8,不明,口縁：横ナデ,（財）富山県文化振興財団2002,TRUE
824,TYa4902,4902,石名田木舟遺跡,Toyama,SD7030,TI,8.7,2,不明,口縁：横ナデ,（財）富山県文化振興財団2002,FALSE
825,TYa4903,4903,石名田木舟遺跡,Toyama,SD7030,TI,8.8,2,不明,口縁：横ナデ,（財）富山県文化振興財団2002,TRUE
826,TYa4904,4904,石名田木舟遺跡,Toyama,SD7030,TI,9,1.8,体部：2字ナデ→見込：指ナデ→口縁：横ナデ,口縁：横ナデ,（財）富山県文化振興財団2002,TRUE
827,TYa4905,4905,石名田木舟遺跡,Toyama,SD7030,TI,9.2,1.9,体部：2字ナデ→見込：指ナデ→口縁：横ナデ,口縁：横ナデ,（財）富山県文化振興財団2002,TRUE
828,TYa4906,4906,石名田木舟遺跡,Toyama,SD7030,TI,10.8,2.2,見込：一方向ナデ→体部：不明→口縁：横ナデ,口縁：横ナデ,（財）富山県文化振興財団2002,TRUE
829,TYa4907,4907,石名田木舟遺跡,Toyama,SD7030,TI,10.7,2.3,見込：一方向ナデ→体部：2字ナデ→口縁：横ナデ,口縁：横ナデ,（財）富山県文化振興財団2002,TRUE
830,TYa4908,4908,石名田木舟遺跡,Toyama,SD7030,TI,11.8,2.1,見込：一方向ナデ→体部：2字ナデ→口縁：横ナデ,口縁：横ナデ,（財）富山県文化振興財団2002,TRUE
831,TYa4909,4909,石名田木舟遺跡,Toyama,SD7030,TI,11.9,2.1,見込：一方向ナデ→体部：2字ナデ→口縁：横ナデ,口縁：横ナデ,（財）富山県文化振興財団2002,TRUE
832,TYa4910,4910,石名田木舟遺跡,Toyama,SD7030,TI,11.7,2.2,見込：一方向ナデ→体部：不明→口縁：横ナデ,口縁：横ナデ,（財）富山県文化振興財団2002,TRUE
833,TYa4911,4911,石名田木舟遺跡,Toyama,SD7030,TI,11.9,2,見込：一方向ナデ→体部：不明→口縁：横ナデ,口縁：横ナデ,（財）富山県文化振興財団2002,FALSE
834,TYa4912,4912,石名田木舟遺跡,Toyama,SD7030,TI,12.2,2.3,見込：一方向ナデ→体部：2字ナデ→口縁：横ナデ,口縁：横ナデ,（財）富山県文化振興財団2002,TRUE
835,TYa4913,4913,石名田木舟遺跡,Toyama,SD7030,TI,12,2.4,見込：一方向ナデ→体部：2字ナデ→口縁：横ナデ,口縁：横ナデ,（財）富山県文化振興財団2002,FALSE
836,TYa4914,4914,石名田木舟遺跡,Toyama,SD7030,TI,12.5,2.5,見込：一方向ナデ→体部：不明→口縁：横ナデ,口縁：横ナデ,（財）富山県文化振興財団2002,FALSE
837,TYa4915,4915,石名田木舟遺跡,Toyama,SD7030,TI,11.7,2.2,見込：一方向ナデ→体部：2字ナデ→口縁：横ナデ,口縁：横ナデ,（財）富山県文化振興財団2002,TRUE
838,TYa4916,4916,石名田木舟遺跡,Toyama,SD7030,TI,11.6,2.3,見込：一方向ナデ→体部：2字ナデ→口縁：横ナデ,口縁：横ナデ,（財）富山県文化振興財団2002,TRUE
839,TYa4917,4917,石名田木舟遺跡,Toyama,SD7030,TI,11.8,2,見込：一方向ナデ→体部：2字ナデ→口縁：横ナデ,口縁：横ナデ,（財）富山県文化振興財団2002,TRUE
840,TYa4918,4918,石名田木舟遺跡,Toyama,SD7030,TI,12,2.4,見込：一方向ナデ→体部：2字ナデ→口縁：横ナデ,口縁：横ナデ,（財）富山県文化振興財団2002,TRUE
841,TYa4919,4919,石名田木舟遺跡,Toyama,SD7030,TI,11.9,2,見込：無し→体部：2字ナデ→口縁：横ナデ,口縁：横ナデ,（財）富山県文化振興財団2002,TRUE
842,TYa4920,4920,石名田木舟遺跡,Toyama,SD7030,TI,12.2,2.2,見込：一方向ナデ→体部：2字ナデ→口縁：横ナデ,口縁：横ナデ,（財）富山県文化振興財団2002,TRUE
843,TYa4921,4921,石名田木舟遺跡,Toyama,SD7030,TI,12.3,2.1,見込：一方向ナデ→体部：2字ナデ→口縁：横ナデ,口縁：横ナデ,（財）富山県文化振興財団2002,TRUE
844,TYa4922,4922,石名田木舟遺跡,Toyama,SD7030,TI,13.6,2.3,見込：一方向ナデ→体部：不明→口縁：横ナデ,口縁：横ナデ,（財）富山県文化振興財団2002,TRUE
845,TYa4923,4923,石名田木舟遺跡,Toyama,SD7030,TI,13.8,2,見込：一方向ナデ→体部：不明→口縁：横ナデ,口縁：横ナデ,（財）富山県文化振興財団2002,FALSE
846,TYa4924,4924,石名田木舟遺跡,Toyama,SD7030,TI,14,2.2,見込：一方向ナデ→体部：2字ナデ→口縁：横ナデ,口縁：横ナデ,（財）富山県文化振興財団2002,TRUE
847,TYa4925,4925,石名田木舟遺跡,Toyama,SD7030,TI,13.8,2,見込：一方向ナデ→体部：2字ナデ→口縁：横ナデ,口縁：横ナデ,（財）富山県文化振興財団2002,FALSE
848,TYa4926,4926,石名田木舟遺跡,Toyama,SD7030,TI,14.2,2.2,見込：一方向ナデ→体部：2字ナデ→口縁：横ナデ,口縁：横ナデ,（財）富山県文化振興財団2002,FALSE
849,TYa4927,4927,石名田木舟遺跡,Toyama,SD7030,TI,14,2,見込：一方向ナデ→体部：2字ナデ→口縁：横ナデ,口縁：横ナデ,（財）富山県文化振興財団2002,TRUE
850,TYa4928,4928,石名田木舟遺跡,Toyama,SD7030,TI,14,2.5,見込：一方向ナデ→体部：2字ナデ→口縁：横ナデ,口縁：横ナデ,（財）富山県文化振興財団2002,TRUE
851,TYa4929,4929,石名田木舟遺跡,Toyama,SD7030,TI,14,2.5,見込：無し→体部：不明→口縁：横ナデ,口縁：横ナデ,（財）富山県文化振興財団2002,TRUE
852,TYa4930,4930,石名田木舟遺跡,Toyama,SD7030,TI,14,2.2,見込：一方向ナデ→体部：2字ナデ→口縁：横ナデ,口縁：横ナデ,（財）富山県文化振興財団2002,FALSE
853,TYa4931,4931,石名田木舟遺跡,Toyama,SD7030,TI,13.8,2.2,見込：不明→体部：2字ナデ→口縁：横ナデ,口縁：横ナデ,（財）富山県文化振興財団2002,FALSE
854,TYa4932,4932,石名田木舟遺跡,Toyama,SD7030,TI,14.2,2.2,見込：一方向ナデ→体部：2字ナデ→口縁：横ナデ,口縁：横ナデ,（財）富山県文化振興財団2002,FALSE
855,TYa4933,4933,石名田木舟遺跡,Toyama,SD7030,TI,14.5,NA,見込：一方向ナデ→体部：2字ナデ→口縁：横ナデ,口縁：横ナデ,（財）富山県文化振興財団2002,FALSE
856,TYa4934,4934,石名田木舟遺跡,Toyama,SD7030,TI,14.9,2.2,見込：一方向ナデ→体部：2字ナデ→口縁：横ナデ,口縁：横ナデ,（財）富山県文化振興財団2002,TRUE
857,TYa4935,4935,石名田木舟遺跡,Toyama,SD7030,TI,15.8,2.5,見込：一方向ナデ→体部：不明→口縁：横ナデ,口縁：横ナデ,（財）富山県文化振興財団2002,FALSE
858,TYa4936,4936,石名田木舟遺跡,Toyama,SD7030,TI,15.2,NA,体部：ヨコナデ→口縁：横ナデ,口縁：横ナデ,（財）富山県文化振興財団2002,FALSE
859,TYa4937,4937,石名田木舟遺跡,Toyama,SD7030,TI,15.6,NA,体部：の字ナデ→口縁：横ナデ,口縁：横ナデ,（財）富山県文化振興財団2002,FALSE
860,TYa4938,4938,石名田木舟遺跡,Toyama,SD7030,TI,15.8,2.5,体部：の字ナデ→口縁：横ナデ,口縁：横ナデ,（財）富山県文化振興財団2002,TRUE
861,TYa4939,4939,石名田木舟遺跡,Toyama,SD7030,TI,15.7,NA,体部：ヨコナデ→口縁：横ナデ,口縁：横ナデ,（財）富山県文化振興財団2002,FALSE
862,TYa4940,4940,石名田木舟遺跡,Toyama,SD7030,TI,15.8,NA,体部：の字ナデ→口縁：横ナデ,口縁：横ナデ,（財）富山県文化振興財団2002,FALSE
863,TYa4941,4941,石名田木舟遺跡,Toyama,SD7030,TI,15.7,NA,体部：の字ナデ→口縁：横ナデ,口縁：横ナデ,（財）富山県文化振興財団2002,FALSE
864,TYa4942,4942,石名田木舟遺跡,Toyama,SD7030,TI,16.1,NA,見込：指ナデ→体部：の字ナデ→口縁：横ナデ,口縁：横ナデ,（財）富山県文化振興財団2002,FALSE
865,TYa4943,4943,石名田木舟遺跡,Toyama,SD7030,TI,16.1,2.6,調整不明瞭,,（財）富山県文化振興財団2002,TRUE
866,TYa4944,4944,石名田木舟遺跡,Toyama,SD7030,TI,16.2,NA,見込：指ナデ→体部：の字ナデ→口縁：横ナデ,口縁：横ナデ,（財）富山県文化振興財団2002,FALSE
867,TYa4945,4945,石名田木舟遺跡,Toyama,SD7030,TI,17.7,NA,体部：の字ナデ→口縁：横ナデ,口縁：横ナデ,（財）富山県文化振興財団2002,FALSE
868,TYa4946,4946,石名田木舟遺跡,Toyama,SD7030,TI,19.8,NA,体部：の字ナデ→口縁：横ナデ,口縁：横ナデ,（財）富山県文化振興財団2002,FALSE
869,TYb388,388,富山城跡（レガートスクエア）,Toyama,2SK705,TI,9,NA,体部：ヨコナデ→口縁：横ナデ,口縁：横ナデ,富山市教育委員会2018,FALSE
870,TYb389,389,富山城跡（レガートスクエア）,Toyama,2SK705,TI,9.3,2.1,体部：の字ナデ→口縁：横ナデ,口縁：横ナデ,富山市教育委員会2018,TRUE
871,TYb390,390,富山城跡（レガートスクエア）,Toyama,2SK705,TI,7.8,1.8,体部：の字ナデ→口縁：横ナデ,口縁：横ナデ,富山市教育委員会2018,TRUE
872,TYb391,391,富山城跡（レガートスクエア）,Toyama,2SK705,TI,9,NA,体部：ヨコナデ→口縁：横ナデ,口縁：横ナデ,富山市教育委員会2018,FALSE
873,TYb392,392,富山城跡（レガートスクエア）,Toyama,2SK705,TI,9.3,2.1,見込：無し→体部：の字ナデ→口縁：横ナデ,口縁：横ナデ,富山市教育委員会2018,TRUE
874,TYb393,393,富山城跡（レガートスクエア）,Toyama,2SK705,TI,9.6,2.1,見込：無し→体部：の字ナデ→口縁：横ナデ,口縁：横ナデ,富山市教育委員会2018,TRUE
875,TYb394,394,富山城跡（レガートスクエア）,Toyama,2SK705,TI,8.7,2.1,見込：指ナデ→体部：の字ナデ→口縁：横ナデ,口縁：横ナデ,富山市教育委員会2018,TRUE
876,TYb395,395,富山城跡（レガートスクエア）,Toyama,2SK705,TI,9.3,2.1,調整不明瞭,,富山市教育委員会2018,TRUE
877,TYb396,396,富山城跡（レガートスクエア）,Toyama,2SK705,TI,9,NA,見込：指ナデ→体部：の字ナデ→口縁：横ナデ,口縁：横ナデ,富山市教育委員会2018,FALSE
878,TYb397,397,富山城跡（レガートスクエア）,Toyama,2SK705,TI,9,2.1,体部：の字ナデ→口縁：横ナデ,口縁：横ナデ,富山市教育委員会2018,TRUE
879,TYb398,398,富山城跡（レガートスクエア）,Toyama,2SK705,TI,9.6,1.8,見込：無し→体部：の字ナデ→口縁：横ナデ,口縁：横ナデ,富山市教育委員会2018,TRUE
880,TYb399,399,富山城跡（レガートスクエア）,Toyama,2SK705,TI,10.2,2,見込：無し→体部：の字ナデ→口縁：横ナデ,口縁：横ナデ,富山市教育委員会2018,TRUE
881,TYb400,400,富山城跡（レガートスクエア）,Toyama,2SK705,TI,9.6,1.8,見込：無し→体部：の字ナデ→口縁：横ナデ,口縁：横ナデ,富山市教育委員会2018,TRUE
882,TYb401,401,富山城跡（レガートスクエア）,Toyama,2SK705,TI,9.3,NA,体部：ヨコナデ→口縁：横ナデ,口縁：横ナデ,富山市教育委員会2018,FALSE
883,TYb402,402,富山城跡（レガートスクエア）,Toyama,2SK705,TI,9,NA,体部：ヨコナデ→口縁：横ナデ,口縁：横ナデ,富山市教育委員会2018,FALSE
884,TYb403,403,富山城跡（レガートスクエア）,Toyama,2SK705,TI,9,NA,体部：ヨコナデ→口縁：横ナデ,口縁：横ナデ,富山市教育委員会2018,FALSE
885,TYb404,404,富山城跡（レガートスクエア）,Toyama,2SK705,TI,10.2,NA,体部：ヨコナデ→口縁：横ナデ,口縁：横ナデ,富山市教育委員会2018,FALSE
886,TYb405,405,富山城跡（レガートスクエア）,Toyama,2SK705,TI,9.6,2.4,見込：無し→体部：の字ナデ→口縁：横ナデ,口縁：横ナデ,富山市教育委員会2018,TRUE
887,TYb406,406,富山城跡（レガートスクエア）,Toyama,2SK705,TI,9.3,2.1,,口縁：横ナデ,富山市教育委員会2018,TRUE
888,TYb407,407,富山城跡（レガートスクエア）,Toyama,2SK705,TI,9.9,NA,,口縁：横ナデ,富山市教育委員会2018,FALSE
889,TYb408,408,富山城跡（レガートスクエア）,Toyama,2SK705,TI,11.4,2.1,見込：無し→体部：2字ナデ→口縁：横ナデ,口縁：横ナデ,富山市教育委員会2018,TRUE
890,TYb409,409,富山城跡（レガートスクエア）,Toyama,2SK705,TI,11.4,2.4,見込：無し→体部：2字ナデ→口縁：横ナデ,口縁：横ナデ,富山市教育委員会2018,TRUE
891,TYb410,410,富山城跡（レガートスクエア）,Toyama,2SK705,TI,9,2.1,見込：無し→体部：の字ナデ→口縁：横ナデ,口縁：横ナデ,富山市教育委員会2018,TRUE
892,TYb411,411,富山城跡（レガートスクエア）,Toyama,2SK705,TI,11.4,2.4,見込：無し→体部：2字ナデ→口縁：横ナデ,口縁：横ナデ,富山市教育委員会2018,TRUE
893,TYb412,412,富山城跡（レガートスクエア）,Toyama,2SK705,TI,9.3,2,見込：不明→体部：の字ナデ→口縁：横ナデ,口縁：横ナデ,富山市教育委員会2018,TRUE
894,TYb413,413,富山城跡（レガートスクエア）,Toyama,2SK705,TI,9.9,2.5,見込：無し→体部：の字ナデ→口縁：横ナデ,口縁：横ナデ,富山市教育委員会2018,TRUE
895,TYb414,414,富山城跡（レガートスクエア）,Toyama,2SK705,TI,9.3,2.4,調整不明瞭,,富山市教育委員会2018,TRUE
896,TYb415,415,富山城跡（レガートスクエア）,Toyama,2SK705,TI,9.3,2.3,見込：無し→体部：の字ナデ→口縁：横ナデ,口縁：横ナデ,富山市教育委員会2018,TRUE
897,TYb416,416,富山城跡（レガートスクエア）,Toyama,2SK705,TI,9.3,2.2,調整不明瞭,,富山市教育委員会2018,TRUE
898,TYb417,417,富山城跡（レガートスクエア）,Toyama,2SK705,TI,9.3,2.3,見込：無し→体部：の字ナデ→口縁：横ナデ,口縁：横ナデ,富山市教育委員会2018,TRUE
899,TYb418,418,富山城跡（レガートスクエア）,Toyama,2SK705,TI,9.3,2.1,見込：指ナデ→体部：の字ナデ→口縁：横ナデ,口縁：横ナデ,富山市教育委員会2018,TRUE
900,TYb419,419,富山城跡（レガートスクエア）,Toyama,2SK705,TI,9.3,2.2,見込：無し→体部：の字ナデ→口縁：横ナデ,口縁：横ナデ,富山市教育委員会2018,TRUE
901,TYb420,420,富山城跡（レガートスクエア）,Toyama,2SK705,TI,9.6,2.2,見込：無し→体部：の字ナデ→口縁：横ナデ,口縁：横ナデ,富山市教育委員会2018,TRUE
902,TYb421,421,富山城跡（レガートスクエア）,Toyama,2SK705,TI,9.4,2.4,見込：指ナデ→体部：の字ナデ→口縁：横ナデ,口縁：横ナデ,富山市教育委員会2018,TRUE
903,TYb422,422,富山城跡（レガートスクエア）,Toyama,2SK705,TI,9.5,2.5,見込：不明→体部：の字ナデ→口縁：横ナデ,口縁：横ナデ,富山市教育委員会2018,TRUE
904,TYb423,423,富山城跡（レガートスクエア）,Toyama,2SK705,TI,9.5,2.3,見込：不明→体部：の字ナデ→口縁：横ナデ,口縁：横ナデ,富山市教育委員会2018,TRUE
905,TYb424,424,富山城跡（レガートスクエア）,Toyama,2SK705,TI,9.3,2.2,見込：無し→体部：の字ナデ→口縁：横ナデ,口縁：横ナデ,富山市教育委員会2018,TRUE
906,TYb425,425,富山城跡（レガートスクエア）,Toyama,2SK705,TI,9.8,2.5,見込：無し→調整不明瞭,,富山市教育委員会2018,TRUE
907,TYb426,426,富山城跡（レガートスクエア）,Toyama,2SK705,TI,9.3,2.3,見込：無し→体部：の字ナデ→口縁：横ナデ,口縁：横ナデ,富山市教育委員会2018,TRUE
908,TYb427,427,富山城跡（レガートスクエア）,Toyama,2SK705,TI,9.6,2.4,見込：無し→体部：の字ナデ→口縁：横ナデ,口縁：横ナデ,富山市教育委員会2018,TRUE
909,TYb428,428,富山城跡（レガートスクエア）,Toyama,2SK705,TI,9.3,2.1,調整不明瞭,,富山市教育委員会2018,TRUE
910,TYb429,429,富山城跡（レガートスクエア）,Toyama,2SK705,TI,8.9,2.2,見込：不明→体部：ヨコナデ→口縁：横ナデ,口縁：横ナデ,富山市教育委員会2018,TRUE
911,TYb430,430,富山城跡（レガートスクエア）,Toyama,2SK705,TI,10.9,2.4,見込：一方向ナデ（薄い）→体部：2字ナデ→口縁：横ナデ,口縁：横ナデ,富山市教育委員会2018,TRUE
912,TYb431,431,富山城跡（レガートスクエア）,Toyama,2SK705,TI,9.4,2.1,見込：無し→体部：の字ナデ→口縁：横ナデ,口縁：横ナデ,富山市教育委員会2018,TRUE
913,TYb432,432,富山城跡（レガートスクエア）,Toyama,2SK705,TI,9.3,2.2,見込：無し→体部：の字ナデ→口縁：横ナデ,口縁：横ナデ,富山市教育委員会2018,TRUE
914,TYb433,433,富山城跡（レガートスクエア）,Toyama,2SK705,TI,9.1,2.1,見込：無し→体部：の字ナデ→口縁：横ナデ,口縁：横ナデ,富山市教育委員会2018,TRUE
915,TYb434,434,富山城跡（レガートスクエア）,Toyama,2SK705,TI,9.5,2.3,見込：無し→体部：の字ナデ→口縁：横ナデ,口縁：横ナデ,富山市教育委員会2018,TRUE
916,TYb435,435,富山城跡（レガートスクエア）,Toyama,2SK705,TI,9.6,2.4,見込：無し→体部：の字ナデ→口縁：横ナデ,口縁：横ナデ,富山市教育委員会2018,TRUE
917,TYb436,436,富山城跡（レガートスクエア）,Toyama,2SK705,TI,9,2.1,見込：無し→体部：の字ナデ→口縁：横ナデ,口縁：横ナデ,富山市教育委員会2018,TRUE
918,TYb437,437,富山城跡（レガートスクエア）,Toyama,2SK705,TI,9.9,2.6,,,富山市教育委員会2018,TRUE
919,TYb438,438,富山城跡（レガートスクエア）,Toyama,2SK705,TI,9.5,2.2,調整不明瞭,,富山市教育委員会2018,TRUE
920,TYb439,439,富山城跡（レガートスクエア）,Toyama,2SK705,TI,11.6,2.2,見込：無し→体部：2字ナデ→口縁：横ナデ,口縁：横ナデ,富山市教育委員会2018,TRUE
921,TYb440,440,富山城跡（レガートスクエア）,Toyama,2SK705,TI,9.3,2.4,見込：無し→体部：の字ナデ→口縁：横ナデ,口縁：横ナデ,富山市教育委員会2018,TRUE
922,TYb441,441,富山城跡（レガートスクエア）,Toyama,2SK705,TI,9.6,2.3,見込：無し→体部：の字ナデ→口縁：横ナデ,口縁：横ナデ,富山市教育委員会2018,TRUE
923,TYb442,442,富山城跡（レガートスクエア）,Toyama,2SK705,TI,9.3,2.4,見込：無し→体部：の字ナデ→口縁：横ナデ,口縁：横ナデ,富山市教育委員会2018,TRUE
924,TYb443,443,富山城跡（レガートスクエア）,Toyama,2SK705,TI,9.3,2.4,調整不明瞭,,富山市教育委員会2018,TRUE
925,TYb444,444,富山城跡（レガートスクエア）,Toyama,2SK705,TI,9.2,2.3,見込：無し→体部：の字ナデ→口縁：横ナデ,口縁：横ナデ,富山市教育委員会2018,TRUE
926,TYb445,445,富山城跡（レガートスクエア）,Toyama,2SK705,TI,9.5,2.3,見込：無し→体部：の字ナデ→口縁：横ナデ,口縁：横ナデ,富山市教育委員会2018,TRUE
927,TYb446,446,富山城跡（レガートスクエア）,Toyama,2SK705,TI,9.3,2.3,見込：無し→体部：の字ナデ→口縁：横ナデ,口縁：横ナデ,富山市教育委員会2018,TRUE
928,TYb447,447,富山城跡（レガートスクエア）,Toyama,2SK705,TI,9.5,2.2,見込：無し→体部：の字ナデ→口縁：横ナデ,口縁：横ナデ,富山市教育委員会2018,TRUE
929,TYb448,448,富山城跡（レガートスクエア）,Toyama,2SK705,TI,9.5,2.2,見込：無し→体部：の字ナデ→口縁：横ナデ,口縁：横ナデ,富山市教育委員会2018,TRUE
930,TYb449,449,富山城跡（レガートスクエア）,Toyama,2SK705,TI,11.5,2.5,見込：無し→体部：2字ナデ→口縁：横ナデ,口縁：横ナデ,富山市教育委員会2018,TRUE
931,TYb450,450,富山城跡（レガートスクエア）,Toyama,2SK705,TI,11.4,2.5,見込：無し→体部：2字ナデ→口縁：横ナデ,口縁：横ナデ,富山市教育委員会2018,TRUE
932,TYb451,451,富山城跡（レガートスクエア）,Toyama,2SK705,TI,11.3,2.6,見込：無し→体部：ヨコナデ→口縁：横ナデ,口縁：横ナデ,富山市教育委員会2018,TRUE
933,TYb452,452,富山城跡（レガートスクエア）,Toyama,2SK705,TI,11.2,2.5,見込：無し→体部：2字ナデ→口縁：横ナデ,口縁：横ナデ,富山市教育委員会2018,TRUE
934,TYb453,453,富山城跡（レガートスクエア）,Toyama,2SK705,TI,12,2.6,見込：無し→体部：2字ナデ→口縁：横ナデ,口縁：横ナデ,富山市教育委員会2018,TRUE
935,TYb454,454,富山城跡（レガートスクエア）,Toyama,2SK705,TI,11.9,2.6,見込：無し→体部：2字ナデ→口縁：横ナデ,口縁：横ナデ,富山市教育委員会2018,TRUE
936,TYb455,455,富山城跡（レガートスクエア）,Toyama,2SK705,TI,12.2,NA,,,富山市教育委員会2018,FALSE
937,TYb456,456,富山城跡（レガートスクエア）,Toyama,2SK705,TI,13.9,NA,,,富山市教育委員会2018,FALSE
938,TYb457,457,富山城跡（レガートスクエア）,Toyama,2SK705,TI,13.9,2.5,見込：一方向ナデ→体部：2字ナデ→口縁：横ナデ,口縁：横ナデ,富山市教育委員会2018,TRUE
939,TYb458,458,富山城跡（レガートスクエア）,Toyama,2SK705,TI,13.7,2.6,見込：無し→体部：2字ナデ→口縁：横ナデ,口縁：横ナデ,富山市教育委員会2018,TRUE
940,TYb459,459,富山城跡（レガートスクエア）,Toyama,2SK705,TI,13.8,2.6,見込：無し→体部：2字ナデ→口縁：横ナデ,口縁：横ナデ,富山市教育委員会2018,TRUE
941,TYb460,460,富山城跡（レガートスクエア）,Toyama,2SK705,TI,13.3,7.9,見込：一方向ナデ→体部：2字ナデ→口縁：横ナデ,口縁：横ナデ,富山市教育委員会2018,TRUE
942,TYb461,461,富山城跡（レガートスクエア）,Toyama,2SK705,TI,13.9,2.8,見込：無し→体部：2字ナデ→口縁：横ナデ,口縁：横ナデ,富山市教育委員会2018,TRUE
943,TYb462,462,富山城跡（レガートスクエア）,Toyama,2SK705,TI,13.5,2.9,見込：無し→体部：2字ナデ→口縁：横ナデ,口縁：横ナデ,富山市教育委員会2018,TRUE
944,TYb463,463,富山城跡（レガートスクエア）,Toyama,2SK705,TI,14,2.8,見込：一方向ナデ→体部：2字ナデ→口縁：横ナデ,口縁：横ナデ,富山市教育委員会2018,TRUE
945,TYb464,464,富山城跡（レガートスクエア）,Toyama,2SK705,TI,14.5,2.5,見込：無し→体部：ヨコナデ→口縁：横ナデ,口縁：横ナデ,富山市教育委員会2018,TRUE
946,TYb465,465,富山城跡（レガートスクエア）,Toyama,2SK705,TI,13.5,2.6,見込：無し→体部：ヨコナデ→口縁：横ナデ,口縁：横ナデ,富山市教育委員会2018,TRUE
947,TYb466,466,富山城跡（レガートスクエア）,Toyama,2SK705,TI,13.5,2.4,見込：無し→体部：2字ナデ→口縁：横ナデ,口縁：横ナデ,富山市教育委員会2018,TRUE
948,TYb467,467,富山城跡（レガートスクエア）,Toyama,2SK705,TI,13.2,2.7,見込：無し→体部：2字ナデ→口縁：横ナデ,口縁：横ナデ,富山市教育委員会2018,TRUE
949,TYb468,468,富山城跡（レガートスクエア）,Toyama,2SK705,TI,14.4,2.9,見込：一方向ナデ→体部：2字ナデ→口縁：横ナデ,口縁：横ナデ,富山市教育委員会2018,TRUE
950,TYb469,469,富山城跡（レガートスクエア）,Toyama,2SK705,TI,15.6,3.2,体部：ヨコナデ→口縁：横ナデ,口縁：横ナデ,富山市教育委員会2018,TRUE
951,TYb548,548,富山城跡（レガートスクエア）,Toyama,3SD54,TI,8.1,2.1,見込：無し→体部：の字ナデ→口縁：横ナデ,口縁：横ナデ,富山市教育委員会2018,TRUE
952,TYb549,549,富山城跡（レガートスクエア）,Toyama,3SD54,TI,8.7,NA,,,富山市教育委員会2018,FALSE
953,TYb550,550,富山城跡（レガートスクエア）,Toyama,3SD54,TI,9.3,2.1,,,富山市教育委員会2018,TRUE
954,TYb551,551,富山城跡（レガートスクエア）,Toyama,3SD54,TI,8.4,2.1,見込：無し→体部：の字ナデ→口縁：横ナデ,口縁：横ナデ,富山市教育委員会2018,TRUE
955,TYb552,552,富山城跡（レガートスクエア）,Toyama,3SD54,TI,8.1,2.1,,,富山市教育委員会2018,TRUE
956,TYb553,553,富山城跡（レガートスクエア）,Toyama,3SD54,TI,8.4,1.8,,,富山市教育委員会2018,FALSE
957,TYb554,554,富山城跡（レガートスクエア）,Toyama,3SD54,TI,11.1,NA,,,富山市教育委員会2018,FALSE
958,TYb555,555,富山城跡（レガートスクエア）,Toyama,3SD54,TI,9.3,2.1,見込：無し→体部：の字ナデ→口縁：横ナデ,口縁：横ナデ,富山市教育委員会2018,TRUE
959,TYb556,556,富山城跡（レガートスクエア）,Toyama,3SD54,TI,8.1,1.8,,,富山市教育委員会2018,TRUE
960,TYb557,557,富山城跡（レガートスクエア）,Toyama,3SD54,TI,8.7,1.8,,,富山市教育委員会2018,TRUE
961,TYb558,558,富山城跡（レガートスクエア）,Toyama,3SD54,TI,8.7,NA,,,富山市教育委員会2018,FALSE
962,TYb559,559,富山城跡（レガートスクエア）,Toyama,3SD54,TI,8.1,NA,,,富山市教育委員会2018,FALSE
963,TYb560,560,富山城跡（レガートスクエア）,Toyama,3SD54,TI,8.4,1.8,見込：無し→体部：の字ナデ→口縁：横ナデ,口縁：横ナデ,富山市教育委員会2018,TRUE
964,TYb561,561,富山城跡（レガートスクエア）,Toyama,3SD54,TI,9.3,2.1,調整不明瞭,,富山市教育委員会2018,TRUE
965,TYb562,562,富山城跡（レガートスクエア）,Toyama,3SD54,TI,8.1,NA,,,富山市教育委員会2018,FALSE
966,TYb563,563,富山城跡（レガートスクエア）,Toyama,3SD54,TI,9,NA,,,富山市教育委員会2018,FALSE
967,TYb564,564,富山城跡（レガートスクエア）,Toyama,3SD54,TI,8.1,1.8,見込：無し→体部：の字ナデ→口縁：横ナデ,口縁：横ナデ,富山市教育委員会2018,TRUE
968,TYb565,565,富山城跡（レガートスクエア）,Toyama,3SD54,TI,8.7,1.8,見込：無し→体部：の字ナデ→口縁：横ナデ,口縁：横ナデ,富山市教育委員会2018,TRUE
969,TYb566,566,富山城跡（レガートスクエア）,Toyama,3SD54,TI,9,NA,見込：無し→体部：の字ナデ→口縁：横ナデ,口縁：横ナデ,富山市教育委員会2018,FALSE
970,TYb567,567,富山城跡（レガートスクエア）,Toyama,3SD54,TI,8.1,2.1,見込：一方向ナデ→体部：の字ナデ→口縁：横ナデ,口縁：横ナデ,富山市教育委員会2018,TRUE
971,TYb568,568,富山城跡（レガートスクエア）,Toyama,3SD54,TI,8.7,1.5,体部：の字ナデ→見込：指ナデ→口縁：横ナデ,口縁：横ナデ,富山市教育委員会2018,TRUE
972,TYb569,569,富山城跡（レガートスクエア）,Toyama,3SD54,TI,8.7,2.4,,,富山市教育委員会2018,TRUE
973,TYb570,570,富山城跡（レガートスクエア）,Toyama,3SD54,TI,8.4,1.8,見込：指ナデ→体部：の字ナデ→口縁：横ナデ,口縁：横ナデ,富山市教育委員会2018,TRUE
974,TYb571,571,富山城跡（レガートスクエア）,Toyama,3SD54,TI,8.7,NA,,,富山市教育委員会2018,FALSE
975,TYb572,572,富山城跡（レガートスクエア）,Toyama,3SD54,TI,9.6,NA,,,富山市教育委員会2018,FALSE
976,TYb573,573,富山城跡（レガートスクエア）,Toyama,3SD54,TI,8.4,1.8,見込：無し→体部：の字ナデ→口縁：横ナデ,口縁：横ナデ,富山市教育委員会2018,TRUE
977,TYb574,574,富山城跡（レガートスクエア）,Toyama,3SD54,TI,9,1.8,体部：の字ナデ→見込：指ナデ→口縁：横ナデ,口縁：横ナデ,富山市教育委員会2018,TRUE
978,TYb575,575,富山城跡（レガートスクエア）,Toyama,3SD54,TI,10.8,NA,,,富山市教育委員会2018,FALSE
979,TYb576,576,富山城跡（レガートスクエア）,Toyama,3SD54,TI,7.8,2.1,体部：の字ナデ（引出さない）→見込：指ナデ→口縁：横ナデ,口縁：横ナデ,富山市教育委員会2018,TRUE
980,TYb577,577,富山城跡（レガートスクエア）,Toyama,3SD54,TI,8.7,2.1,調整不明瞭,,富山市教育委員会2018,TRUE
981,TYb578,578,富山城跡（レガートスクエア）,Toyama,3SD54,TI,8.2,NA,,,富山市教育委員会2018,FALSE
982,TYb579,579,富山城跡（レガートスクエア）,Toyama,3SD54,TI,9.1,NA,,,富山市教育委員会2018,FALSE
983,TYb580,580,富山城跡（レガートスクエア）,Toyama,3SD54,TI,9.3,1.8,体部：の字ナデ→見込：指ナデ→口縁：横ナデ,口縁：横ナデ,富山市教育委員会2018,TRUE
984,TYb581,581,富山城跡（レガートスクエア）,Toyama,3SD54,TI,9.3,1.8,,,富山市教育委員会2018,TRUE
985,TYb582,582,富山城跡（レガートスクエア）,Toyama,3SD54,TI,9.6,2.1,体部：の字ナデ→見込：指ナデ→口縁：横ナデ,口縁：横ナデ,富山市教育委員会2018,TRUE
986,TYb583,583,富山城跡（レガートスクエア）,Toyama,3SD54,TI,9,NA,,,富山市教育委員会2018,FALSE
987,TYb584,584,富山城跡（レガートスクエア）,Toyama,3SD54,TI,8.7,2.1,,,富山市教育委員会2018,FALSE
988,TYb585,585,富山城跡（レガートスクエア）,Toyama,3SD54,,10.5,1.8,見込：一方向ナデ→体部・口縁：横ナデ（ロクロか）,体部・口縁：横ナデ,富山市教育委員会2018,FALSE
989,TYb586,586,富山城跡（レガートスクエア）,Toyama,3SD54,TI,10.2,2.1,見込：無し→体部：の字ナデ→口縁：横ナデ,口縁：横ナデ,富山市教育委員会2018,TRUE
990,TYb587,587,富山城跡（レガートスクエア）,Toyama,3SD54,TI,NA,NA,,,富山市教育委員会2018,FALSE
991,TYb588,588,富山城跡（レガートスクエア）,Toyama,3SD54,TI,9.9,2.4,,,富山市教育委員会2018,TRUE
992,TYb589,589,富山城跡（レガートスクエア）,Toyama,3SD54,TI,10.5,2.1,,,富山市教育委員会2018,FALSE
993,TYb590,590,富山城跡（レガートスクエア）,Toyama,3SD54,TI,11.4,NA,,,富山市教育委員会2018,FALSE
994,TYb591,591,富山城跡（レガートスクエア）,Toyama,3SD54,TI,11.4,2.1,,,富山市教育委員会2018,FALSE
995,TYb592,592,富山城跡（レガートスクエア）,Toyama,3SD54,TI,11.1,2.1,見込：無し→体部：2字ナデ→口縁：横ナデ,口縁：横ナデ,富山市教育委員会2018,FALSE
996,TYb593,593,富山城跡（レガートスクエア）,Toyama,3SD54,TI,10.5,2.1,見込：無し→体部：ヨコナデ→口縁：横ナデ,口縁：横ナデ,富山市教育委員会2018,TRUE
997,TYb594,594,富山城跡（レガートスクエア）,Toyama,3SD54,TI,10.8,2.4,調整不明瞭（仏生寺城跡と似る）,,富山市教育委員会2018,TRUE
998,TYb595,595,富山城跡（レガートスクエア）,Toyama,3SD54,TI,10.7,2.1,見込：無し→体部：2字ナデ→口縁：横ナデ,口縁：横ナデ,富山市教育委員会2018,TRUE
999,TYb596,596,富山城跡（レガートスクエア）,Toyama,3SD54,TI,10.5,1.8,見込：無し→体部：ヨコナデ→口縁：横ナデ,口縁：横ナデ,富山市教育委員会2018,FALSE
1000,TYb597,597,富山城跡（レガートスクエア）,Toyama,3SD54,TI,11.4,2.4,見込：無し→体部：2字ナデ→口縁：横ナデ,口縁：横ナデ,富山市教育委員会2018,FALSE
1001,TYb598,598,富山城跡（レガートスクエア）,Toyama,3SD54,TI,11.1,2.4,見込：無し→体部：2字ナデ→口縁：横ナデ,口縁：横ナデ,富山市教育委員会2018,TRUE
1002,TYb599,599,富山城跡（レガートスクエア）,Toyama,3SD54,TI,12.9,2.4,,,富山市教育委員会2018,TRUE
1003,TYb600,600,富山城跡（レガートスクエア）,Toyama,3SD54,TI,12.9,2.4,見込：無し→体部：2字ナデ→口縁：横ナデ,口縁：横ナデ,富山市教育委員会2018,TRUE
1004,TYb601,601,富山城跡（レガートスクエア）,Toyama,3SD54,TI,12.3,NA,,,富山市教育委員会2018,FALSE
1005,TYb602,602,富山城跡（レガートスクエア）,Toyama,3SD54,TI,13.8,2.4,見込：紐の圧痕、体部：2字ナデ→口縁：横ナデ,口縁：横ナデ,富山市教育委員会2018,FALSE
1006,TYb603,603,富山城跡（レガートスクエア）,Toyama,3SD54,TI,14.1,NA,,,富山市教育委員会2018,FALSE
1007,TYb604,604,富山城跡（レガートスクエア）,Toyama,3SD54,TI,13.5,NA,見込：無し→体部：ヨコナデ→口縁：横ナデ,口縁：横ナデ,富山市教育委員会2018,FALSE
1008,TYb605,605,富山城跡（レガートスクエア）,Toyama,3SD54,TI,11.4,2.1,見込：一方向ナデ→体部：の字ナデ→口縁：横ナデ,口縁：横ナデ,富山市教育委員会2018,TRUE
1009,TYb606,606,富山城跡（レガートスクエア）,Toyama,3SD54,TI,12.9,NA,,,富山市教育委員会2018,FALSE
1010,TYb607,607,富山城跡（レガートスクエア）,Toyama,3SD54,TI,12.6,NA,,,富山市教育委員会2018,FALSE
1011,TYb608,608,富山城跡（レガートスクエア）,Toyama,3SD54,TI,13.2,2.4,見込：無し→体部：2字ナデ→口縁：横ナデ,口縁：横ナデ,富山市教育委員会2018,TRUE
1012,TYb609,609,富山城跡（レガートスクエア）,Toyama,3SD54,TI,11.4,NA,,,富山市教育委員会2018,FALSE
1013,TYb610,610,富山城跡（レガートスクエア）,Toyama,3SD54,TI,11.1,2.4,見込：無し→体部：ヨコナデ→口縁：横ナデ,口縁：横ナデ,富山市教育委員会2018,TRUE
1014,TYb611,611,富山城跡（レガートスクエア）,Toyama,3SD54,TI,12.6,NA,見込：無し→体部：ヨコナデ→口縁：横ナデ,口縁：横ナデ,富山市教育委員会2018,FALSE
1015,TYb612,612,富山城跡（レガートスクエア）,Toyama,3SD54,TI,13.5,NA,見込：無し→体部：ヨコナデ→口縁：横ナデ,口縁：横ナデ,富山市教育委員会2018,FALSE
1016,TYb613,613,富山城跡（レガートスクエア）,Toyama,3SD54,TI,13.8,NA,見込：無し→体部：ヨコナデ→口縁：横ナデ,口縁：横ナデ,富山市教育委員会2018,FALSE
1017,TYb614,614,富山城跡（レガートスクエア）,Toyama,3SD54,TI,14.1,NA,体部：2字ナデ→口縁：横ナデ,口縁：横ナデ,富山市教育委員会2018,FALSE
1018,TYb615,615,富山城跡（レガートスクエア）,Toyama,3SD54,TI,11.7,NA,体部：ヨコナデ→口縁：横ナデ,口縁：横ナデ,富山市教育委員会2018,FALSE
1019,TYb616,616,富山城跡（レガートスクエア）,Toyama,3SD54,TI,12.9,2.1,見込：無し→体部：ヨコナデ→口縁：横ナデ,口縁：横ナデ,富山市教育委員会2018,TRUE
1020,TYb617,617,富山城跡（レガートスクエア）,Toyama,3SD54,TI,13.2,2.4,見込：無し→体部：2字ナデ→口縁：横ナデ,口縁：横ナデ,富山市教育委員会2018,TRUE
1021,TYb618,618,富山城跡（レガートスクエア）,Toyama,3SD54,TI,13.5,2.1,見込：無し→体部：2字ナデ→口縁：横ナデ,口縁：横ナデ,富山市教育委員会2018,TRUE
1022,TYb619,619,富山城跡（レガートスクエア）,Toyama,3SD54,TI,11.7,2.4,見込：無し→体部：2字ナデ→口縁：横ナデ,口縁：横ナデ,富山市教育委員会2018,TRUE
1023,TYb620,620,富山城跡（レガートスクエア）,Toyama,3SD54,TI,12.6,NA,見込：無し→体部：ヨコナデ→口縁：横ナデ,,富山市教育委員会2018,FALSE
1024,TYb621,621,富山城跡（レガートスクエア）,Toyama,3SD54,TI,13.5,NA,見込：無し→体部：ヨコナデ→口縁：横ナデ,,富山市教育委員会2018,FALSE
1025,TYb622,622,富山城跡（レガートスクエア）,Toyama,3SD54,TI,12.9,NA,調整不明瞭,,富山市教育委員会2018,FALSE
1026,TYb623,623,富山城跡（レガートスクエア）,Toyama,3SD54,TI,12.9,NA,見込：一方向ナデ→体部：ヨコナデ→口縁：横ナデ,口縁：横ナデ,富山市教育委員会2018,FALSE
1027,TYb624,624,富山城跡（レガートスクエア）,Toyama,3SD54,TI,13.5,2.4,見込：一方向ナデ（薄い）→体部：2字ナデ→口縁：横ナデ,口縁：横ナデ,富山市教育委員会2018,TRUE
1028,TYb625,625,富山城跡（レガートスクエア）,Toyama,3SD54,TI,13.8,2.4,見込：無し→体部：2字ナデ→口縁：横ナデ,口縁：横ナデ,富山市教育委員会2018,TRUE
1029,TYb626,626,富山城跡（レガートスクエア）,Toyama,3SD54,TI,13.5,2.7,見込：一方向ナデ（薄い）→体部：2字ナデ→口縁：横ナデ,口縁：横ナデ,富山市教育委員会2018,TRUE
1030,TYb627,627,富山城跡（レガートスクエア）,Toyama,3SD54,TI,16.2,2.7,見込：一方向ナデ（薄い）→体部：2字ナデ→口縁：横ナデ,口縁：横ナデ,富山市教育委員会2018,TRUE
1031,TYb628,628,富山城跡（レガートスクエア）,Toyama,3SD54,TI,11.4,2.1,見込：無し→体部：2字ナデ→口縁：横ナデ,口縁：横ナデ,富山市教育委員会2018,TRUE
1032,TYb629,629,富山城跡（レガートスクエア）,Toyama,3SD54,TI,14.7,NA,,,富山市教育委員会2018,FALSE
1033,TYb630,630,富山城跡（レガートスクエア）,Toyama,3SD54,TI,13.5,2.4,見込：一方向ナデ（薄い）→体部：2字ナデ→口縁：横ナデ,口縁：横ナデ,富山市教育委員会2018,TRUE
1034,TYb631,631,富山城跡（レガートスクエア）,Toyama,3SD54,TI,13.5,NA,調整不明瞭,口縁：横ナデ,富山市教育委員会2018,FALSE
1035,TYb632,632,富山城跡（レガートスクエア）,Toyama,3SD54,TI,13.5,2.1,見込：無し→体部：2字ナデ→口縁：横ナデ,口縁：横ナデ,富山市教育委員会2018,TRUE
1036,TYb633,633,富山城跡（レガートスクエア）,Toyama,3SD54,TI,13.5,NA,見込：無し→体部：ヨコナデ→口縁：横ナデ,口縁：横ナデ,富山市教育委員会2018,FALSE
1037,TYb634,634,富山城跡（レガートスクエア）,Toyama,3SD54,TI,12.9,NA,見込：無し→体部：ヨコナデ→口縁：横ナデ,口縁：横ナデ,富山市教育委員会2018,FALSE
1038,TYb635,635,富山城跡（レガートスクエア）,Toyama,3SD54,TI,13.2,2.4,見込：無し→体部：2字ナデ→口縁：横ナデ,口縁：横ナデ,富山市教育委員会2018,TRUE
1039,TYb636,636,富山城跡（レガートスクエア）,Toyama,3SD54,TI,11.7,2.1,見込：一方向ナデ→体部：ヨコナデ→口縁：横ナデ,口縁：横ナデ,富山市教育委員会2018,TRUE
1040,TYb637,637,富山城跡（レガートスクエア）,Toyama,3SD54,TI,14.7,NA,見込：無し→体部：ヨコナデ→口縁：横ナデ,口縁：横ナデ,富山市教育委員会2018,FALSE
1041,TYb638,638,富山城跡（レガートスクエア）,Toyama,3SD54,TI,13.2,1.8,見込：無し→体部：2字ナデ→口縁：横ナデ,口縁：横ナデ,富山市教育委員会2018,TRUE
1042,TYb639,639,富山城跡（レガートスクエア）,Toyama,3SD54,TI,13.2,1.5,見込：一方向ナデ→体部：ヨコナデ→口縁：横ナデ,口縁：横ナデ,富山市教育委員会2018,TRUE
1043,TYb640,640,富山城跡（レガートスクエア）,Toyama,3SD54,TI,13.8,2.1,調整不明瞭,口縁：横ナデ,富山市教育委員会2018,TRUE
1044,TYb641,641,富山城跡（レガートスクエア）,Toyama,3SD54,TI,12.3,2.1,調整不明瞭,口縁：横ナデ,富山市教育委員会2018,TRUE
1045,TYb642,642,富山城跡（レガートスクエア）,Toyama,3SD54,TI,12.6,NA,調整不明瞭,,富山市教育委員会2018,FALSE
1046,TYb643,643,富山城跡（レガートスクエア）,Toyama,3SD54,TI,13.8,NA,体部：ヨコナデ→口縁：横ナデ,口縁：横ナデ,富山市教育委員会2018,FALSE
1047,TYb644,644,富山城跡（レガートスクエア）,Toyama,3SD54,TI,15.9,NA,見込：無し→体部：2字ナデ→口縁：横ナデ,口縁：横ナデ,富山市教育委員会2018,FALSE
1048,TYb645,645,富山城跡（レガートスクエア）,Toyama,3SD54,TI,16.5,NA,見込：無し→体部：ヨコナデ→口縁：横ナデ,口縁：横ナデ,富山市教育委員会2018,FALSE
1049,TYb646,646,富山城跡（レガートスクエア）,Toyama,3SD54,TI,17.1,NA,調整不明瞭,,富山市教育委員会2018,FALSE
1050,TYb647,647,富山城跡（レガートスクエア）,Toyama,3SD54,TI,16.5,2.7,見込：一方向ナデ（一部擦痕様ナデ）→体部：2字ナデ→口縁：横ナデ,口縁：横ナデ,富山市教育委員会2018,TRUE
1051,TYb648,648,富山城跡（レガートスクエア）,Toyama,3SD54,TI,16.8,2.7,体部：ヨコナデ→口縁：横ナデ,口縁：横ナデ,富山市教育委員会2018,TRUE
1052,TYb649,649,富山城跡（レガートスクエア）,Toyama,3SD54,TI,15.9,NA,体部：ヨコナデ→口縁：横ナデ,口縁：横ナデ,富山市教育委員会2018,FALSE
1053,TYb650,650,富山城跡（レガートスクエア）,Toyama,3SD54,TI,15.6,3,見込：一方向ナデ→体部：2字ナデ→口縁：横ナデ,口縁：横ナデ,富山市教育委員会2018,TRUE
1054,TYb651,651,富山城跡（レガートスクエア）,Toyama,3SD54,TI,15.3,2.7,見込：一方向ナデ（一部擦痕様ナデ）→体部：2字ナデ→口縁：横ナデ,口縁：横ナデ,富山市教育委員会2018,TRUE
1055,TYb652,652,富山城跡（レガートスクエア）,Toyama,3SD54,TI,18.6,3.3,見込：一方向ナデ（一部擦痕様ナデ）→体部：2字ナデ・の字ナデ→口縁：横ナデ,口縁：横ナデ、底部：板目圧痕か,富山市教育委員会2018,TRUE